"Platform","Author / handle","Original comment","Feedback kind","On site","Posted (as available)","Original source","Likes","Collected on","Comment ID","Source URL","Post / video URL","Source context (excerpt)","Collection method","Usage note"
"Instagram","_.darshiiii","Best emcee ever! 🔥🎤 Pure stage rockstar!","Community feedback","Yes","32w","https://instagram.com/p/DVQ0EDnkrB4/c/17917324110122471/","1","2026-10-09T14:36:32.443Z","17917324110122471","https://instagram.com/p/DVQ0EDnkrB4/c/17917324110122471/","https://www.instagram.com/p/DVQ0EDnkrB4/","New Game Alert 🚨 ‼️ 🔔 Get the Coloured Prop mentioned in the Bollywood Song.#yourdreamanchor #art #explore #viral #game. . . . . . [ Bollywood, Crazy Fun, Shadi Vibes, Funny, Comedy, Engaging, fun times, Anchor for weddings, Wedding An…","Signed-in Chrome; public post comments","Public praise; shown as community feedback, not as a client review."
"Instagram","_preranaaaaaaa","The Best Anchor one can have for your big days♥️♥️","Community feedback","Yes","32w","https://instagram.com/p/DVQ0EDnkrB4/c/18075057611455031/","1","2026-10-09T14:36:32.443Z","18075057611455031","https://instagram.com/p/DVQ0EDnkrB4/c/18075057611455031/","https://www.instagram.com/p/DVQ0EDnkrB4/","New Game Alert 🚨 ‼️ 🔔 Get the Coloured Prop mentioned in the Bollywood Song.#yourdreamanchor #art #explore #viral #game. . . . . . [ Bollywood, Crazy Fun, Shadi Vibes, Funny, Comedy, Engaging, fun times, Anchor for weddings, Wedding An…","Signed-in Chrome; public post comments","Public praise; shown as community feedback, not as a client review."
"Instagram","aanchal.verma_05","Thank you @yourdreamanchor for making our Haldi celebration so vibrant and unforgettable! ✨💛","Celebration feedback","Yes","11w","https://instagram.com/p/DbD0IuzmI6d/c/17930084817126584/","1","2026-10-09T14:32:22.162Z","17930084817126584","https://instagram.com/p/DbD0IuzmI6d/c/17930084817126584/","https://www.instagram.com/p/DbD0IuzmI6d/","From heartfelt moments to endless celebrations, it was an absolute privilege to host Siddharth (@siddharth_bhadri )& Aanchal’s ( @aanchal.verma_05 ) wedding at the picturesque Windflower Resort, Goa. @windflowergoa ♥️💝 A celebration mad…","Signed-in Chrome; public post comments","Event feedback; published without assigning a rating."
"Instagram","aanchal.verma_05","Thank you so much @yourdreamanchor for hosting both our events. You kept everyone entertained and engaged all the time, our guests had a lot of fun ❤️❤️","Celebration feedback","Yes","27w","https://instagram.com/p/DWbLz6xmN7W/c/18101272301316055/","1","2026-10-09T14:34:17.716Z","18101272301316055","https://instagram.com/p/DWbLz6xmN7W/c/18101272301316055/","https://www.instagram.com/p/DWbLz6xmN7W/","What a fun time hosting the Sangeet for ( @aanchal.verma_05 ) Aanchal & Siddharth at @windflowergoa with @theweddingcompanyofficial @monikabanerjee_9519 & some lovely candid moments captured by @thebombaybrigade ✨🎉 . . . . .#goa #weddin…","Signed-in Chrome; public post comments","Event feedback; published without assigning a rating."
"Instagram","aastha.what","Thankyou for celebrating with us♥️♥️ We love you and had the best time of our lives!!","Celebration feedback","Yes","36w","https://instagram.com/p/DT7TB16Emwx/c/18099123773495310/","","2026-10-09T14:36:51.447Z","18099123773495310","https://instagram.com/p/DT7TB16Emwx/c/18099123773495310/","https://www.instagram.com/p/DT7TB16Emwx/","Heartiest congratulations to @aastha.22 & @samarthsingla9 on tying the knot 🤍♥️ Two beautiful days filled with love, laughter, and pure bliss amidst the stunning Surya Vilas Resort & Spa ( @suryavilas_solan ) at Kasauli hills, Solan, Hi…","Signed-in Chrome; public post comments","Event feedback; published without assigning a rating."
"Instagram","aishwaryapats","Soo much fun😂","Community feedback","Yes","32w","https://instagram.com/p/DVQ0EDnkrB4/c/18114533755650680/","1","2026-10-09T14:36:32.443Z","18114533755650680","https://instagram.com/p/DVQ0EDnkrB4/c/18114533755650680/","https://www.instagram.com/p/DVQ0EDnkrB4/","New Game Alert 🚨 ‼️ 🔔 Get the Coloured Prop mentioned in the Bollywood Song.#yourdreamanchor #art #explore #viral #game. . . . . . [ Bollywood, Crazy Fun, Shadi Vibes, Funny, Comedy, Engaging, fun times, Anchor for weddings, Wedding An…","Signed-in Chrome; public post comments","Public praise; shown as community feedback, not as a client review."
"Instagram","akshata8824","U r amazing😍🔥.....@yourdreamanchor","Community feedback","Yes","28w","https://instagram.com/p/DWHBwMbBkNZ/c/17964298404031104/","1","2026-10-09T14:34:57.759Z","17964298404031104","https://instagram.com/p/DWHBwMbBkNZ/c/17964298404031104/","https://www.instagram.com/p/DWHBwMbBkNZ/","Try This New Game with all your loved ones at your Wedding Haldi or Carnival ✨🎉♥️ . . . . . 📍 @anantarajaipur @tajcidadedegoaEvent Planners at Anantara Jaipur (@weddingkalakaar ) Event Planners at Taj Cidade De Goa(@simplyprettyplanner…","Signed-in Chrome; public post comments","Public praise; shown as community feedback, not as a client review."
"Instagram","apoorwa_khanolkar","Hey Akshay, Heartiest congratulations! You're doing a fantastic job. I've seen you grow from a shy young boy to someone who now owns the stage and captivates the audience with sheer presence and confidence. Anchoring is no easy path - it demands consistent energy, presence of mind, and effortless charm. No matter what, you always have to to keep your energy at its peak. The glamour on stage is what the world sees, but the struggle behind the scenes remains deeply personal. Wishing you continued growth and endless success. Keep growing, keep shining! 🌟👏","Community feedback","Yes","38w","https://instagram.com/p/DTdAwZ_mBOy/c/18078038978594510/","","2026-10-09T14:36:58.115Z","18078038978594510","https://instagram.com/p/DTdAwZ_mBOy/c/18078038978594510/","https://www.instagram.com/p/DTdAwZ_mBOy/","Every fall teaches. Every doubt shapes belief. The journey isn’t straight, but persistence is what makes history. 10 years of professional anchoring! 🎤 Your Dream Anchor ♥️ . . . .#10years #grateful #anchor #anchoring #anchoring🎤 #emce…","Signed-in Chrome; public post comments","Public praise; shown as community feedback, not as a client review."
"Instagram","beingshankkar","Always meant for this and I believe this is just the start 🎊 akki bhaiya @yourdreamanchor","Community feedback","Yes","38w","https://instagram.com/p/DTdAwZ_mBOy/c/17892624735259750/","1","2026-10-09T14:36:58.115Z","17892624735259750","https://instagram.com/p/DTdAwZ_mBOy/c/17892624735259750/","https://www.instagram.com/p/DTdAwZ_mBOy/","Every fall teaches. Every doubt shapes belief. The journey isn’t straight, but persistence is what makes history. 10 years of professional anchoring! 🎤 Your Dream Anchor ♥️ . . . .#10years #grateful #anchor #anchoring #anchoring🎤 #emce…","Signed-in Chrome; public post comments","Public praise; shown as community feedback, not as a client review."
"Instagram","eventsbykhuranabrothers","This game was very funny😂","Collaborator feedback","Yes","28w","https://instagram.com/p/DV_f7-JEVZL/c/18075276500164799/","3","2026-10-09T14:35:01.988Z","18075276500164799","https://instagram.com/p/DV_f7-JEVZL/c/18075276500164799/","https://www.instagram.com/p/DV_f7-JEVZL/","It’s written in the stars ✨ Anurag ❤️ Devika, a match made in heaven.♥️ . . . . Couple- @its_devikanurag ♥️ Bride- @the_devika ✨ Groom- @anuraggk ✨ Choreography- @xtremedancecompany @i_rajatmishra @sanjanajaiswal128 ✨ Venue- @anantarajai…","Signed-in Chrome; public post comments","Professional praise; shown as collaborator feedback."
"Instagram","gayathri.revankar","Such a fun-filled game😍🔥👏","Community feedback","Yes","32w","https://instagram.com/p/DVQ0EDnkrB4/c/17872180530545002/","1","2026-10-09T14:36:32.443Z","17872180530545002","https://instagram.com/p/DVQ0EDnkrB4/c/17872180530545002/","https://www.instagram.com/p/DVQ0EDnkrB4/","New Game Alert 🚨 ‼️ 🔔 Get the Coloured Prop mentioned in the Bollywood Song.#yourdreamanchor #art #explore #viral #game. . . . . . [ Bollywood, Crazy Fun, Shadi Vibes, Funny, Comedy, Engaging, fun times, Anchor for weddings, Wedding An…","Signed-in Chrome; public post comments","Public praise; shown as community feedback, not as a client review."
"Instagram","hari_polumuru","“Our dream Anchor “ for “our big day” . 😍😍
The Haldi was lit, coz of you @yourdreamanchor 💯💯🔥🔥🔥♥️♥️♥️♥️","Celebration feedback","Yes","2026-10-06T11:35:31.000Z","https://instagram.com/p/DeKEPSoRU0I/c/17936817387128440/","0","2026-10-09T14:28:29.904Z","17936817387128440","https://instagram.com/p/DeKEPSoRU0I/c/17936817387128440/","https://www.instagram.com/p/DeKEPSoRU0I/","@nainarupchandani & @hari_polumuru ‘s happily ever after ♥️💝 beautifully shot by @evarafilms.in @explore_with_pd 😍♥️ . . Bride - @nainarupchandaniGroom- @hari_polumuruVenue- @shoonyafarmretreatPhotography 📸 - @evarafilms.in. . . . . .…","Signed-in Chrome; public post comments","Event feedback; published without assigning a rating."
"Instagram","josh_vaishnavi","🔥 crazy game","Community feedback","Yes","29w","https://instagram.com/p/DWGqxk8EZda/c/18060695633466774/","1","2026-10-09T14:34:59.698Z","18060695633466774","https://instagram.com/p/DWGqxk8EZda/c/18060695633466774/","https://www.instagram.com/p/DWGqxk8EZda/","Try this new game at your Wedding Haldi or Carnival 🎡♥️✨ . .@simplyprettyplanners @weddingkalakaar@tajcidadedegoa @anantarajaipur@thesocial_wedding @ankushh.4 @reeltales_. . .#fyp #viral #reels #game #wedding. . . . . No copyright infri…","Signed-in Chrome; public post comments","Public praise; shown as community feedback, not as a client review."
"Instagram","khusboo_prasad07","The most unforgettable event this was. Everyone keeps repeating the fun of it!!! Lovely execution! 🥰🥰🎉🎉","Celebration feedback","Yes","12w","https://instagram.com/p/Daxl9quhf8B/c/18222646672325173/","","2026-10-09T14:32:31.192Z","18222646672325173","https://instagram.com/p/Daxl9quhf8B/c/18222646672325173/","https://www.instagram.com/p/Daxl9quhf8B/","","Signed-in Chrome; public post comments","Event feedback; published without assigning a rating."
"Instagram","krish_israni1","Energy 100/100! Thank you for making it unforgettable. 🔥👏","Celebration feedback","Yes","32w","https://instagram.com/p/DU_As5qErhY/c/18073121420616144/","","2026-10-09T14:36:35.849Z","18073121420616144","https://instagram.com/p/DU_As5qErhY/c/18073121420616144/","https://www.instagram.com/p/DU_As5qErhY/","Colourful Haldi for the Beautiful Couple ♥️🧡💛 . . Groom- @krish_israni1Bride - @mitali_israniVenue- @radissonblu.faridabad. . . . . .#wedding #haldi #anchor #fyp #explore. . . . . . . . . The audio belongs to the respective owner, no c…","Signed-in Chrome; public post comments","Event feedback; published without assigning a rating."
"Instagram","manjudimrinawani","Wah wah mest game ❤️❤️❤️❤️","Community feedback","Yes","2024-11-07T12:42:37.000Z","https://www.instagram.com/reel/C7ZxSazKZmH/","0","2026-10-08T14:27:35.000Z","18018572234625524","https://www.instagram.com/reel/C7ZxSazKZmH/","https://www.instagram.com/reel/C7ZxSazKZmH/","Fastest Finger First 🚨🚨🚨
.
.
.
Bride - @nehaupase96 
Groom- @vineeth.br10 
Venue - @mirayagreens_official 
Video by - @josh_vaishnavi 
Game Curated & Executed by - @akshayguitarbajanewala 
.
.
.
.
.
.
[ Bangalore weddings wedding shad…","Saved public Instagram metadata; not freshly verified","Public praise; shown as community feedback, not as a client review."
"Instagram","melwinmusic","100% mauj masti😂💃🏼","Community feedback","Yes","31w","https://instagram.com/p/DVQ0EDnkrB4/c/18056555417430204/","2","2026-10-09T14:36:32.443Z","18056555417430204","https://instagram.com/p/DVQ0EDnkrB4/c/18056555417430204/","https://www.instagram.com/p/DVQ0EDnkrB4/","New Game Alert 🚨 ‼️ 🔔 Get the Coloured Prop mentioned in the Bollywood Song.#yourdreamanchor #art #explore #viral #game. . . . . . [ Bollywood, Crazy Fun, Shadi Vibes, Funny, Comedy, Engaging, fun times, Anchor for weddings, Wedding An…","Signed-in Chrome; public post comments","Public praise; shown as community feedback, not as a client review."
"Instagram","monikabanerjee_9519","You’re the best @yourdreamanchor !!! To more events together 🙌🏽🙌🏽🙌🏽","Collaborator feedback","Yes","11w","https://instagram.com/p/DbD0IuzmI6d/c/18012223067734112/","1","2026-10-09T14:32:22.162Z","18012223067734112","https://instagram.com/p/DbD0IuzmI6d/c/18012223067734112/","https://www.instagram.com/p/DbD0IuzmI6d/","From heartfelt moments to endless celebrations, it was an absolute privilege to host Siddharth (@siddharth_bhadri )& Aanchal’s ( @aanchal.verma_05 ) wedding at the picturesque Windflower Resort, Goa. @windflowergoa ♥️💝 A celebration mad…","Signed-in Chrome; public post comments","Professional praise; shown as collaborator feedback."
"Instagram","nainarupchandani","The best of the bestt✨Couldn’t have asked for anyone, other than @yourdreamanchor for our Big Day🥰❤️","Celebration feedback","Yes","2026-10-06T13:58:02.000Z","https://instagram.com/p/DeKEPSoRU0I/c/18630720946038999/","0","2026-10-09T14:28:29.904Z","18630720946038999","https://instagram.com/p/DeKEPSoRU0I/c/18630720946038999/","https://www.instagram.com/p/DeKEPSoRU0I/","@nainarupchandani & @hari_polumuru ‘s happily ever after ♥️💝 beautifully shot by @evarafilms.in @explore_with_pd 😍♥️ . . Bride - @nainarupchandaniGroom- @hari_polumuruVenue- @shoonyafarmretreatPhotography 📸 - @evarafilms.in. . . . . .…","Signed-in Chrome; public post comments","Event feedback; published without assigning a rating."
"Instagram","nitikarishabhgarg","New interesting game, super🔥","Community feedback","Yes","2024-11-08T12:06:22.000Z","https://www.instagram.com/reel/C7ZxSazKZmH/","13","2026-10-08T14:27:35.000Z","17868127776236854","https://www.instagram.com/reel/C7ZxSazKZmH/","https://www.instagram.com/reel/C7ZxSazKZmH/","Fastest Finger First 🚨🚨🚨
.
.
.
Bride - @nehaupase96 
Groom- @vineeth.br10 
Venue - @mirayagreens_official 
Video by - @josh_vaishnavi 
Game Curated & Executed by - @akshayguitarbajanewala 
.
.
.
.
.
.
[ Bangalore weddings wedding shad…","Saved public Instagram metadata; not freshly verified","Public praise; shown as community feedback, not as a client review."
"Instagram","oye_nonu","The way you make weddings fun is incredible, It was a pleasure to meet you😊","Celebration feedback","Yes","35w","https://instagram.com/p/DUM5U0uEWQx/c/17914486773126681/","8","2026-10-09T14:36:46.324Z","17914486773126681","https://instagram.com/p/DUM5U0uEWQx/c/17914486773126681/","https://www.instagram.com/p/DUM5U0uEWQx/","One with the cutest celebrity ( @aadushaaa ) I met at Aastha & Samarth’s Wedding in Solan, Himachal Pradesh. ✨🎊@oye_nonu & @mansi.sharma.mn you guys are the best🎉 . . . . . . . . . . . . . . . . . . . . . . .#nitsiyatv #nitsiyatvistheb…","Signed-in Chrome; public post comments","Event feedback; published without assigning a rating."
"Instagram","pooja_pise","Thank you for hosting. Had soo much fun 🤩","Celebration feedback","Yes","11w","https://instagram.com/p/Da-zSrdzqld/c/18614201917058948/","1","2026-10-09T14:32:23.859Z","18614201917058948","https://instagram.com/p/Da-zSrdzqld/c/18614201917058948/","https://www.instagram.com/p/Da-zSrdzqld/","🚨 NEW GAME ALERT! 🚨 Comment “List” to get the entire list of 3 words & the movies. Warning: This one is guaranteed to bring out the competitive side of your guests! 😂🔥 Less awkward silence. More laughter. More chaos. More unforgettab…","Signed-in Chrome; public post comments","Event feedback; published without assigning a rating."
"Instagram","rahuljoshi.io","What a fun day 🔥","Celebration feedback","Yes","32w","https://instagram.com/p/DVQ0EDnkrB4/c/18105229282667350/","1","2026-10-09T14:36:32.443Z","18105229282667350","https://instagram.com/p/DVQ0EDnkrB4/c/18105229282667350/","https://www.instagram.com/p/DVQ0EDnkrB4/","New Game Alert 🚨 ‼️ 🔔 Get the Coloured Prop mentioned in the Bollywood Song.#yourdreamanchor #art #explore #viral #game. . . . . . [ Bollywood, Crazy Fun, Shadi Vibes, Funny, Comedy, Engaging, fun times, Anchor for weddings, Wedding An…","Signed-in Chrome; public post comments","Event feedback; published without assigning a rating."
"Instagram","ritamurghai","👏👏👏🔥you were superb at Devika's wedding","Celebration feedback","Yes","29w","https://instagram.com/p/DV_f7-JEVZL/c/17895725622278942/","2","2026-10-09T14:35:01.988Z","17895725622278942","https://instagram.com/p/DV_f7-JEVZL/c/17895725622278942/","https://www.instagram.com/p/DV_f7-JEVZL/","It’s written in the stars ✨ Anurag ❤️ Devika, a match made in heaven.♥️ . . . . Couple- @its_devikanurag ♥️ Bride- @the_devika ✨ Groom- @anuraggk ✨ Choreography- @xtremedancecompany @i_rajatmishra @sanjanajaiswal128 ✨ Venue- @anantarajai…","Signed-in Chrome; public post comments","Event feedback; published without assigning a rating."
"Instagram","roxx_official__","Bhai shb khtrnak game hai 😂😂","Community feedback","Yes","2024-11-19T09:00:51.000Z","https://www.instagram.com/reel/C7ZxSazKZmH/","1","2026-10-08T14:27:35.000Z","18035192795340588","https://www.instagram.com/reel/C7ZxSazKZmH/","https://www.instagram.com/reel/C7ZxSazKZmH/","Fastest Finger First 🚨🚨🚨
.
.
.
Bride - @nehaupase96 
Groom- @vineeth.br10 
Venue - @mirayagreens_official 
Video by - @josh_vaishnavi 
Game Curated & Executed by - @akshayguitarbajanewala 
.
.
.
.
.
.
[ Bangalore weddings wedding shad…","Saved public Instagram metadata; not freshly verified","Public praise; shown as community feedback, not as a client review."
"Instagram","s_a_n_a_m_m_a_h_i","Mast game 😂","Community feedback","Yes","2024-11-20T09:02:15.000Z","https://www.instagram.com/reel/C7ZxSazKZmH/","2","2026-10-08T14:27:35.000Z","18106053685450403","https://www.instagram.com/reel/C7ZxSazKZmH/","https://www.instagram.com/reel/C7ZxSazKZmH/","Fastest Finger First 🚨🚨🚨
.
.
.
Bride - @nehaupase96 
Groom- @vineeth.br10 
Venue - @mirayagreens_official 
Video by - @josh_vaishnavi 
Game Curated & Executed by - @akshayguitarbajanewala 
.
.
.
.
.
.
[ Bangalore weddings wedding shad…","Saved public Instagram metadata; not freshly verified","Public praise; shown as community feedback, not as a client review."
"Instagram","sh_ivanimalhotra","What a wonderful day ❤️","Celebration feedback","Yes","2026-08-30T16:58:48.000Z","https://instagram.com/p/Dcq1M-lR8hz/c/17924443278182886/","2","2026-10-09T14:30:36.162Z","17924443278182886","https://instagram.com/p/Dcq1M-lR8hz/c/17924443278182886/","https://www.instagram.com/p/Dcq1M-lR8hz/","✨ A night where love took centre stage ✨ An unforgettable Sangeet celebrating Naman & Rupali at Golden Amoon Resort, Bangalore 🤍✨ Honoured to be the voice, energy & vibe behind this beautiful evening. 🎤@goldenamoonresortandspa @rupalil…","Signed-in Chrome; public post comments","Event feedback; published without assigning a rating."
"Instagram","shiv_a_ni2","Best anchor🔥🙌👏","Community feedback","Yes","31w","https://instagram.com/p/DVQ0EDnkrB4/c/17868132741478517/","1","2026-10-09T14:36:32.443Z","17868132741478517","https://instagram.com/p/DVQ0EDnkrB4/c/17868132741478517/","https://www.instagram.com/p/DVQ0EDnkrB4/","New Game Alert 🚨 ‼️ 🔔 Get the Coloured Prop mentioned in the Bollywood Song.#yourdreamanchor #art #explore #viral #game. . . . . . [ Bollywood, Crazy Fun, Shadi Vibes, Funny, Comedy, Engaging, fun times, Anchor for weddings, Wedding An…","Signed-in Chrome; public post comments","Public praise; shown as community feedback, not as a client review."
"Instagram","simplyprettyplanners","@yourdreamanchor Special Mention to you for doing all the magic🙌❤️","Collaborator feedback","Yes","12w","https://instagram.com/p/Da0XJpfK5WS/c/18083484404401980/","","2026-10-09T14:32:27.226Z","18083484404401980","https://instagram.com/p/Da0XJpfK5WS/c/18083484404401980/","https://www.instagram.com/p/Da0XJpfK5WS/","If your haldi doesn’t sound like this, are you even doing it right? 💛✨ The loud cheers. The endless laughter. The hooting. The happy chaos. The people who love you the most celebrating without holding back. Because the most unforgettabl…","Signed-in Chrome; public post comments","Professional praise; shown as collaborator feedback."
"Instagram","simplyprettyplanners","So much fun🔥❤️","Collaborator feedback","Yes","28w","https://instagram.com/p/DWHBwMbBkNZ/c/18063674132359244/","1","2026-10-09T14:34:57.759Z","18063674132359244","https://instagram.com/p/DWHBwMbBkNZ/c/18063674132359244/","https://www.instagram.com/p/DWHBwMbBkNZ/","Try This New Game with all your loved ones at your Wedding Haldi or Carnival ✨🎉♥️ . . . . . 📍 @anantarajaipur @tajcidadedegoaEvent Planners at Anantara Jaipur (@weddingkalakaar ) Event Planners at Taj Cidade De Goa(@simplyprettyplanner…","Signed-in Chrome; public post comments","Professional praise; shown as collaborator feedback."
"Instagram","simplyprettyplanners","Undoubtedly the Bestest 🙌❤️","Collaborator feedback","Yes","28w","https://instagram.com/p/DWGqxk8EZda/c/18091542230144531/","1","2026-10-09T14:34:59.698Z","18091542230144531","https://instagram.com/p/DWGqxk8EZda/c/18091542230144531/","https://www.instagram.com/p/DWGqxk8EZda/","Try this new game at your Wedding Haldi or Carnival 🎡♥️✨ . .@simplyprettyplanners @weddingkalakaar@tajcidadedegoa @anantarajaipur@thesocial_wedding @ankushh.4 @reeltales_. . .#fyp #viral #reels #game #wedding. . . . . No copyright infri…","Signed-in Chrome; public post comments","Professional praise; shown as collaborator feedback."
"Instagram","skele.astic","You are fab!","Community feedback","Yes","38w","https://instagram.com/p/DTdAwZ_mBOy/c/18188236357353381/","","2026-10-09T14:36:58.115Z","18188236357353381","https://instagram.com/p/DTdAwZ_mBOy/c/18188236357353381/","https://www.instagram.com/p/DTdAwZ_mBOy/","Every fall teaches. Every doubt shapes belief. The journey isn’t straight, but persistence is what makes history. 10 years of professional anchoring! 🎤 Your Dream Anchor ♥️ . . . .#10years #grateful #anchor #anchoring #anchoring🎤 #emce…","Signed-in Chrome; public post comments","Public praise; shown as community feedback, not as a client review."
"Instagram","sonikathakur_03","You are the best! 🔥","Community feedback","Yes","37w","https://instagram.com/p/DTnm_WZkQP8/c/18021076196625904/","2","2026-10-09T14:36:56.170Z","18021076196625904","https://instagram.com/p/DTnm_WZkQP8/c/18021076196625904/","https://www.instagram.com/p/DTnm_WZkQP8/","Draped in yellow, wrapped in royalty 💛 Hosted the beautiful Haldi of Aditya ( @aa.dit.yuh ) & Sonika ( @sonikathakur_03 ) at the majestic Amar Mahal, Orchha (MP) (@amar_mahal ) where traditions, laughter, and love came together in the m…","Signed-in Chrome; public post comments","Public praise; shown as community feedback, not as a client review."
"Instagram","soumya.patil","The bestest and the most humble 🔥host ☺️","Community feedback","Yes","28w","https://instagram.com/p/DWGqxk8EZda/c/18097771568318134/","1","2026-10-09T14:34:59.698Z","18097771568318134","https://instagram.com/p/DWGqxk8EZda/c/18097771568318134/","https://www.instagram.com/p/DWGqxk8EZda/","Try this new game at your Wedding Haldi or Carnival 🎡♥️✨ . .@simplyprettyplanners @weddingkalakaar@tajcidadedegoa @anantarajaipur@thesocial_wedding @ankushh.4 @reeltales_. . .#fyp #viral #reels #game #wedding. . . . . No copyright infri…","Signed-in Chrome; public post comments","Public praise; shown as community feedback, not as a client review."
"Instagram","suma_kesari","So fun!😍🔥","Community feedback","Yes","32w","https://instagram.com/p/DVQ0EDnkrB4/c/17944104713984601/","2","2026-10-09T14:36:32.443Z","17944104713984601","https://instagram.com/p/DVQ0EDnkrB4/c/17944104713984601/","https://www.instagram.com/p/DVQ0EDnkrB4/","New Game Alert 🚨 ‼️ 🔔 Get the Coloured Prop mentioned in the Bollywood Song.#yourdreamanchor #art #explore #viral #game. . . . . . [ Bollywood, Crazy Fun, Shadi Vibes, Funny, Comedy, Engaging, fun times, Anchor for weddings, Wedding An…","Signed-in Chrome; public post comments","Public praise; shown as community feedback, not as a client review."
"Instagram","thenameis_k","That’s a vibe an a half 🥂","Community feedback","Yes","28w","https://instagram.com/p/DWHBwMbBkNZ/c/18028157903637447/","1","2026-10-09T14:34:57.759Z","18028157903637447","https://instagram.com/p/DWHBwMbBkNZ/c/18028157903637447/","https://www.instagram.com/p/DWHBwMbBkNZ/","Try This New Game with all your loved ones at your Wedding Haldi or Carnival ✨🎉♥️ . . . . . 📍 @anantarajaipur @tajcidadedegoaEvent Planners at Anantara Jaipur (@weddingkalakaar ) Event Planners at Taj Cidade De Goa(@simplyprettyplanner…","Signed-in Chrome; public post comments","Public praise; shown as community feedback, not as a client review."
"Instagram","thenameis_k","Heart so full ♥️. Come a long way brother, glad to be a small part of this journey 😃","Community feedback","Yes","38w","https://instagram.com/p/DTdAwZ_mBOy/c/18087609983088381/","","2026-10-09T14:36:58.115Z","18087609983088381","https://instagram.com/p/DTdAwZ_mBOy/c/18087609983088381/","https://www.instagram.com/p/DTdAwZ_mBOy/","Every fall teaches. Every doubt shapes belief. The journey isn’t straight, but persistence is what makes history. 10 years of professional anchoring! 🎤 Your Dream Anchor ♥️ . . . .#10years #grateful #anchor #anchoring #anchoring🎤 #emce…","Signed-in Chrome; public post comments","Public praise; shown as community feedback, not as a client review."
"Instagram","unbelievablesujay","Ur amazing bro 🙌","Community feedback","Yes","38w","https://instagram.com/p/DTdAwZ_mBOy/c/18055639322341434/","","2026-10-09T14:36:58.115Z","18055639322341434","https://instagram.com/p/DTdAwZ_mBOy/c/18055639322341434/","https://www.instagram.com/p/DTdAwZ_mBOy/","Every fall teaches. Every doubt shapes belief. The journey isn’t straight, but persistence is what makes history. 10 years of professional anchoring! 🎤 Your Dream Anchor ♥️ . . . .#10years #grateful #anchor #anchoring #anchoring🎤 #emce…","Signed-in Chrome; public post comments","Public praise; shown as community feedback, not as a client review."
"Instagram","vasudha_singla","Had the best time ! 🥰","Celebration feedback","Yes","39w","https://instagram.com/p/DTNpIg_mJf1/c/18091466851802479/","","2026-10-09T14:37:02.970Z","18091466851802479","https://instagram.com/p/DTNpIg_mJf1/c/18091466851802479/","https://www.instagram.com/p/DTNpIg_mJf1/","An evening of rhythm, romance, and endless celebrations for Vasudha ( @vasudha_singla ) & Ojas at their magical sangeet at Botanix Resort, Sohna ( @botanixnatureresort )✨💃🕺 . . . . . . . . . . . . . .#sangeet #sangeetdance #sangeetoutf…","Signed-in Chrome; public post comments","Event feedback; published without assigning a rating."
"Instagram","viditchess","Akshay your anchoring skills!! 🙌🙌","Community feedback","Yes","31w","https://instagram.com/p/DVQ0EDnkrB4/c/17937600039014507/","9","2026-10-09T14:36:32.443Z","17937600039014507","https://instagram.com/p/DVQ0EDnkrB4/c/17937600039014507/","https://www.instagram.com/p/DVQ0EDnkrB4/","New Game Alert 🚨 ‼️ 🔔 Get the Coloured Prop mentioned in the Bollywood Song.#yourdreamanchor #art #explore #viral #game. . . . . . [ Bollywood, Crazy Fun, Shadi Vibes, Funny, Comedy, Engaging, fun times, Anchor for weddings, Wedding An…","Signed-in Chrome; public post comments","Public praise; shown as community feedback, not as a client review."
"Instagram","xtremedancecompany","Best in industry ❤️❤️","Collaborator feedback","Yes","38w","https://instagram.com/p/DTdAwZ_mBOy/c/18087964721038915/","","2026-10-09T14:36:58.115Z","18087964721038915","https://instagram.com/p/DTdAwZ_mBOy/c/18087964721038915/","https://www.instagram.com/p/DTdAwZ_mBOy/","Every fall teaches. Every doubt shapes belief. The journey isn’t straight, but persistence is what makes history. 10 years of professional anchoring! 🎤 Your Dream Anchor ♥️ . . . .#10years #grateful #anchor #anchoring #anchoring🎤 #emce…","Signed-in Chrome; public post comments","Professional praise; shown as collaborator feedback."
"YouTube","@abhikarekar267","Super bro energetic 😍","Community feedback","Yes","5 years ago","https://www.youtube.com/watch?v=rJuBjMgbXWA&lc=UgwVvFIuedrelBdn9i54AaABAg","2","2026-10-09T15:01:39.365Z","UgwVvFIuedrelBdn9i54AaABAg","https://www.youtube.com/watch?v=rJuBjMgbXWA&lc=UgwVvFIuedrelBdn9i54AaABAg","https://www.youtube.com/watch?v=rJuBjMgbXWA","INDIAN WEDDING SANGEET NIGHT ANCHORING BY EMCEE AKSHAY TAKALKAR. EMCEE ART.","Public YouTube comments; verified in browser","Public praise; shown as community feedback, not as a client review."
"YouTube","@AmareshSEchanal","Super bro.....all the best","Community feedback","Yes","7 years ago","https://www.youtube.com/watch?v=jgovBrZ2R_8&lc=UgyHfZ48jOJLPNmx_Ld4AaABAg","","2026-10-09T15:01:39.365Z","UgyHfZ48jOJLPNmx_Ld4AaABAg","https://www.youtube.com/watch?v=jgovBrZ2R_8&lc=UgyHfZ48jOJLPNmx_Ld4AaABAg","https://www.youtube.com/watch?v=jgovBrZ2R_8","EMCEE| ANCHOR| EDMCEE| QUARK'19| TOUR WITH GALA|","Public YouTube comments; verified in browser","Public praise; shown as community feedback, not as a client review."
"YouTube","@amithande6073","Fan of your talent ♥️","Community feedback","Yes","6 years ago","https://www.youtube.com/watch?v=2g1AQDDk6YA&lc=Ugy6_xHATOdK7cNynTd4AaABAg","","2026-10-09T15:01:39.365Z","Ugy6_xHATOdK7cNynTd4AaABAg","https://www.youtube.com/watch?v=2g1AQDDk6YA&lc=Ugy6_xHATOdK7cNynTd4AaABAg","https://www.youtube.com/watch?v=2g1AQDDk6YA","Emcee AKSHAY anchoring -SABHYATA♾KEVIN’s sangeet.","Public YouTube comments; verified in browser","Public praise; shown as community feedback, not as a client review."
"YouTube","@amithande6073","Great going Bhai 😍","Community feedback","Yes","7 years ago","https://www.youtube.com/watch?v=jgovBrZ2R_8&lc=UgyfMmGvl0w5a0Spb1J4AaABAg&pp=0gcJCUsANpG00pGi","","2026-10-09T15:01:39.365Z","UgyfMmGvl0w5a0Spb1J4AaABAg","https://www.youtube.com/watch?v=jgovBrZ2R_8&lc=UgyfMmGvl0w5a0Spb1J4AaABAg&pp=0gcJCUsANpG00pGi","https://www.youtube.com/watch?v=jgovBrZ2R_8","EMCEE| ANCHOR| EDMCEE| QUARK'19| TOUR WITH GALA|","Public YouTube comments; verified in browser","Public praise; shown as community feedback, not as a client review."
"YouTube","@anupkolhapurkar4599","Energy 🔥🔥🔥","Community feedback","Yes","4 years ago","https://www.youtube.com/watch?v=RVOmN5AxVuM&lc=UgzQTWhUA5T7vwQQkF94AaABAg","","2026-10-09T15:01:39.365Z","UgzQTWhUA5T7vwQQkF94AaABAg","https://www.youtube.com/watch?v=RVOmN5AxVuM&lc=UgzQTWhUA5T7vwQQkF94AaABAg","https://www.youtube.com/shorts/RVOmN5AxVuM","ANCHOR/EMCEE AKSHAY INTERACTING WITH THE AUDIENCE @NUCLEYA SUB CINEMA BELGAUM","Public YouTube comments; verified in browser","Public praise; shown as community feedback, not as a client review."
"YouTube","@diptitakalkar7859","Wow💖 that's amazing. Keep rocking Akshay 🌠","Community feedback","Yes","5 years ago","https://www.youtube.com/watch?v=rJuBjMgbXWA&lc=UgxEMT8_9BJ1Y_dbiK94AaABAg","1","2026-10-09T15:01:39.365Z","UgxEMT8_9BJ1Y_dbiK94AaABAg","https://www.youtube.com/watch?v=rJuBjMgbXWA&lc=UgxEMT8_9BJ1Y_dbiK94AaABAg","https://www.youtube.com/watch?v=rJuBjMgbXWA","INDIAN WEDDING SANGEET NIGHT ANCHORING BY EMCEE AKSHAY TAKALKAR. EMCEE ART.","Public YouTube comments; verified in browser","Public praise; shown as community feedback, not as a client review."
"YouTube","@diptitakalkar7859","You are fab💖","Community feedback","Yes","5 years ago","https://www.youtube.com/watch?v=wkejhdQc0OM&lc=UgweYo53pOYd5Dzfcqd4AaABAg","1","2026-10-09T15:01:39.365Z","UgweYo53pOYd5Dzfcqd4AaABAg","https://www.youtube.com/watch?v=wkejhdQc0OM&lc=UgweYo53pOYd5Dzfcqd4AaABAg","https://www.youtube.com/watch?v=wkejhdQc0OM","#weddinganchor #indianweddings #sangeet EMCEE AKSHAY TAKALKAR HOSTING AT #RAJVEER SANGEET PROGRAM.","Public YouTube comments; verified in browser","Public praise; shown as community feedback, not as a client review."
"YouTube","@diptitakalkar7859","Awesome....  😍loved it","Community feedback","Yes","7 years ago","https://www.youtube.com/watch?v=jgovBrZ2R_8&lc=Ugwe644GQ6BWPoNXWId4AaABAg","","2026-10-09T15:01:39.365Z","Ugwe644GQ6BWPoNXWId4AaABAg","https://www.youtube.com/watch?v=jgovBrZ2R_8&lc=Ugwe644GQ6BWPoNXWId4AaABAg","https://www.youtube.com/watch?v=jgovBrZ2R_8","EMCEE| ANCHOR| EDMCEE| QUARK'19| TOUR WITH GALA|","Public YouTube comments; verified in browser","Public praise; shown as community feedback, not as a client review."
"YouTube","@gousevaddo5277","Gajab AKSHAY sirji 👌","Community feedback","Yes","6 years ago","https://www.youtube.com/watch?v=2g1AQDDk6YA&lc=UgxMIW0cyV-9wLdqxT54AaABAg","","2026-10-09T15:01:39.365Z","UgxMIW0cyV-9wLdqxT54AaABAg","https://www.youtube.com/watch?v=2g1AQDDk6YA&lc=UgxMIW0cyV-9wLdqxT54AaABAg","https://www.youtube.com/watch?v=2g1AQDDk6YA","Emcee AKSHAY anchoring -SABHYATA♾KEVIN’s sangeet.","Public YouTube comments; verified in browser","Public praise; shown as community feedback, not as a client review."
"YouTube","@ladukubal7438","Such a professional video, amazing content Akshay :) Good luck on your future tasks!","Community feedback","Yes","7 years ago","https://www.youtube.com/watch?v=Blf4wRMvaZw&lc=UgyHY4H9iACvPEC58SB4AaABAg","","2026-10-09T15:01:39.365Z","UgyHY4H9iACvPEC58SB4AaABAg","https://www.youtube.com/watch?v=Blf4wRMvaZw&lc=UgyHY4H9iACvPEC58SB4AaABAg","https://www.youtube.com/watch?v=Blf4wRMvaZw","EMCEE AKSHAY HOSTING AT QUARK-19, BITS PILANI GOA CAMPUS, FT. DJ KEVU AND DJ GORGE LEON.","Public YouTube comments; verified in browser","Public praise; shown as community feedback, not as a client review."
"YouTube","@ladukubal820","I have never seen a guy as energetic as you Akshay. Keep growing keep shining hero, love Ladu kaka.","Community feedback","Yes","5 years ago","https://www.youtube.com/watch?v=rJuBjMgbXWA&lc=Ugxw7QRxjvbcx1qjfnJ4AaABAg","2","2026-10-09T15:01:39.365Z","Ugxw7QRxjvbcx1qjfnJ4AaABAg","https://www.youtube.com/watch?v=rJuBjMgbXWA&lc=Ugxw7QRxjvbcx1qjfnJ4AaABAg","https://www.youtube.com/watch?v=rJuBjMgbXWA","INDIAN WEDDING SANGEET NIGHT ANCHORING BY EMCEE AKSHAY TAKALKAR. EMCEE ART.","Public YouTube comments; verified in browser","Public praise; shown as community feedback, not as a client review."
"YouTube","@ladukubal820","Keep up the good work Mr Anchor. You are blessed with an incredible talent.","Community feedback","Yes","6 years ago","https://www.youtube.com/watch?v=2g1AQDDk6YA&lc=UgyKrI1P1zG7R0_b1S94AaABAg","","2026-10-09T15:01:39.365Z","UgyKrI1P1zG7R0_b1S94AaABAg","https://www.youtube.com/watch?v=2g1AQDDk6YA&lc=UgyKrI1P1zG7R0_b1S94AaABAg","https://www.youtube.com/watch?v=2g1AQDDk6YA","Emcee AKSHAY anchoring -SABHYATA♾KEVIN’s sangeet.","Public YouTube comments; verified in browser","Public praise; shown as community feedback, not as a client review."
"YouTube","@sakshivirani7180","Killing it 🔥","Community feedback","Yes","5 years ago","https://www.youtube.com/watch?v=wkejhdQc0OM&lc=UgyHhe9upclsa-i5AEV4AaABAg","1","2026-10-09T15:01:39.365Z","UgyHhe9upclsa-i5AEV4AaABAg","https://www.youtube.com/watch?v=wkejhdQc0OM&lc=UgyHhe9upclsa-i5AEV4AaABAg","https://www.youtube.com/watch?v=wkejhdQc0OM","#weddinganchor #indianweddings #sangeet EMCEE AKSHAY TAKALKAR HOSTING AT #RAJVEER SANGEET PROGRAM.","Public YouTube comments; verified in browser","Public praise; shown as community feedback, not as a client review."
"YouTube","@shivajibhangri8286","Sirji sabash. Big fan hu","Community feedback","Yes","5 years ago","https://www.youtube.com/watch?v=rJuBjMgbXWA&lc=UgxOpV9s1pW56tsR5wx4AaABAg","","2026-10-09T15:01:39.365Z","UgxOpV9s1pW56tsR5wx4AaABAg","https://www.youtube.com/watch?v=rJuBjMgbXWA&lc=UgxOpV9s1pW56tsR5wx4AaABAg","https://www.youtube.com/watch?v=rJuBjMgbXWA","INDIAN WEDDING SANGEET NIGHT ANCHORING BY EMCEE AKSHAY TAKALKAR. EMCEE ART.","Public YouTube comments; verified in browser","Public praise; shown as community feedback, not as a client review."
"YouTube","@singlovesmile9056","Superb Hosting.. ❤😊","Community feedback","Yes","6 years ago","https://www.youtube.com/watch?v=2g1AQDDk6YA&lc=UgzNdC_3iuUrPnQf0M54AaABAg","","2026-10-09T15:01:39.365Z","UgzNdC_3iuUrPnQf0M54AaABAg","https://www.youtube.com/watch?v=2g1AQDDk6YA&lc=UgzNdC_3iuUrPnQf0M54AaABAg","https://www.youtube.com/watch?v=2g1AQDDk6YA","Emcee AKSHAY anchoring -SABHYATA♾KEVIN’s sangeet.","Public YouTube comments; verified in browser","Public praise; shown as community feedback, not as a client review."
"YouTube","@singlovesmile9056","This is amazing.  Keep doing such awesome stuff 😊😍","Community feedback","Yes","7 years ago","https://www.youtube.com/watch?v=jgovBrZ2R_8&lc=UgxgI70uf54oSUsoGbl4AaABAg","","2026-10-09T15:01:39.365Z","UgxgI70uf54oSUsoGbl4AaABAg","https://www.youtube.com/watch?v=jgovBrZ2R_8&lc=UgxgI70uf54oSUsoGbl4AaABAg","https://www.youtube.com/watch?v=jgovBrZ2R_8","EMCEE| ANCHOR| EDMCEE| QUARK'19| TOUR WITH GALA|","Public YouTube comments; verified in browser","Public praise; shown as community feedback, not as a client review."
"YouTube","@sushmitaankalgi2576","Good one akshay! You are so talented.
Keep it coming","Community feedback","Yes","5 years ago","https://www.youtube.com/watch?v=rJuBjMgbXWA&lc=Ugz7U4qHiXskg4yU5sR4AaABAg","2","2026-10-09T15:01:39.365Z","Ugz7U4qHiXskg4yU5sR4AaABAg","https://www.youtube.com/watch?v=rJuBjMgbXWA&lc=Ugz7U4qHiXskg4yU5sR4AaABAg","https://www.youtube.com/watch?v=rJuBjMgbXWA","INDIAN WEDDING SANGEET NIGHT ANCHORING BY EMCEE AKSHAY TAKALKAR. EMCEE ART.","Public YouTube comments; verified in browser","Public praise; shown as community feedback, not as a client review."
"YouTube","@VaibhavAli","Great work! Welcome to the emcee group","Collaborator feedback","Yes","2 months ago","https://www.youtube.com/watch?v=mi-AalPm8FA&lc=UgxeiHjZP2tylwvhAQd4AaABAg","","2026-10-09T15:01:39.365Z","UgxeiHjZP2tylwvhAQd4AaABAg","https://www.youtube.com/watch?v=mi-AalPm8FA&lc=UgxeiHjZP2tylwvhAQd4AaABAg","https://www.youtube.com/watch?v=mi-AalPm8FA","Yourdreamanchor #anchor","Public YouTube comments; verified in browser","Professional praise; shown as collaborator feedback."
"Instagram","__vxishnxvi___","🔥🔥","Reaction","No","11w","https://instagram.com/p/Da-zSrdzqld/c/17954252118194923/","1","2026-10-09T14:32:23.859Z","17954252118194923","https://instagram.com/p/Da-zSrdzqld/c/17954252118194923/","https://www.instagram.com/p/Da-zSrdzqld/","🚨 NEW GAME ALERT! 🚨 Comment “List” to get the entire list of 3 words & the movies. Warning: This one is guaranteed to bring out the competitive side of your guests! 😂🔥 Less awkward silence. More laughter. More chaos. More unforgettab…","Signed-in Chrome; public post comments","Retained in the full list; not selected as a testimonial."
"Instagram","_aksh.kashyap_","🔥🔥🙌👏","Reaction","No","34w","https://instagram.com/p/DUkSvu0kUh0/c/18107809408753979/","1","2026-10-09T14:36:43.396Z","18107809408753979","https://instagram.com/p/DUkSvu0kUh0/c/18107809408753979/","https://www.instagram.com/p/DUkSvu0kUh0/","Purple velvet, sharp intentions, and guaranteed good vibes with #yourdreamanchor. . 📍 @hyattregencyjaipurmansarovar. . . .#hyatt #jaipur #rajasthan #anchor","Signed-in Chrome; public post comments","Retained in the full list; not selected as a testimonial."
"Instagram","_deepakkhushalani_","🔥🔥🔥","Reaction","No","2026-10-06T12:17:59.000Z","https://instagram.com/p/DeKEPSoRU0I/c/18130021565497073/","0","2026-10-09T14:28:29.904Z","18130021565497073","https://instagram.com/p/DeKEPSoRU0I/c/18130021565497073/","https://www.instagram.com/p/DeKEPSoRU0I/","@nainarupchandani & @hari_polumuru ‘s happily ever after ♥️💝 beautifully shot by @evarafilms.in @explore_with_pd 😍♥️ . . Bride - @nainarupchandaniGroom- @hari_polumuruVenue- @shoonyafarmretreatPhotography 📸 - @evarafilms.in. . . . . .…","Signed-in Chrome; public post comments","Retained in the full list; not selected as a testimonial."
"Instagram","_nirrr0710","Location","Question or request","No","12w","https://instagram.com/p/DaIaQvCxEGW/c/18170255656439788/","2","2026-10-09T14:33:54.605Z","18170255656439788","https://instagram.com/p/DaIaQvCxEGW/c/18170255656439788/","https://www.instagram.com/p/DaIaQvCxEGW/","Imagine Waking Up To This View ✨🤌🏼 . . . . . . . . . . . . . .#trip #love #travel #staycation #resort","Signed-in Chrome; public post comments","Retained in the full list; not selected as a testimonial."
"Instagram","_poojasmane_","Location","Question or request","No","12w","https://instagram.com/p/DaIaQvCxEGW/c/18117001058504220/","1","2026-10-09T14:33:54.605Z","18117001058504220","https://instagram.com/p/DaIaQvCxEGW/c/18117001058504220/","https://www.instagram.com/p/DaIaQvCxEGW/","Imagine Waking Up To This View ✨🤌🏼 . . . . . . . . . . . . . .#trip #love #travel #staycation #resort","Signed-in Chrome; public post comments","Retained in the full list; not selected as a testimonial."
"Instagram","_team_allied_","😍🔥🔥","Reaction","No","22w","https://instagram.com/p/DV_f7-JEVZL/c/18111673363834345/","","2026-10-09T14:35:01.988Z","18111673363834345","https://instagram.com/p/DV_f7-JEVZL/c/18111673363834345/","https://www.instagram.com/p/DV_f7-JEVZL/","It’s written in the stars ✨ Anurag ❤️ Devika, a match made in heaven.♥️ . . . . Couple- @its_devikanurag ♥️ Bride- @the_devika ✨ Groom- @anuraggk ✨ Choreography- @xtremedancecompany @i_rajatmishra @sanjanajaiswal128 ✨ Venue- @anantarajai…","Signed-in Chrome; public post comments","Retained in the full list; not selected as a testimonial."
"Instagram","_virgo_02_","😍😍","Reaction","No","2024-11-16T07:22:49.000Z","https://www.instagram.com/reel/C7ZxSazKZmH/","2","2026-10-08T14:27:35.000Z","18378518821106334","https://www.instagram.com/reel/C7ZxSazKZmH/","https://www.instagram.com/reel/C7ZxSazKZmH/","Fastest Finger First 🚨🚨🚨
.
.
.
Bride - @nehaupase96 
Groom- @vineeth.br10 
Venue - @mirayagreens_official 
Video by - @josh_vaishnavi 
Game Curated & Executed by - @akshayguitarbajanewala 
.
.
.
.
.
.
[ Bangalore weddings wedding shad…","Saved public Instagram metadata; not freshly verified","Retained in the full list; not selected as a testimonial."
"Instagram","aachalbhakkad","Can u send full movie list","Question or request","No","2025-01-09T12:06:21.000Z","https://www.instagram.com/reel/DCy1D-3o_Kf/","0","2026-10-08T14:27:23.000Z","18006721484702577","https://www.instagram.com/reel/DCy1D-3o_Kf/","https://www.instagram.com/reel/DCy1D-3o_Kf/","New Game Alert! 🚨 🔔 ‼️ 
Guess the Bollywood movies by their English translation! 
.
.
.
.
.
Bride- @sphoortify 
Groom- @adi_11_sharma 
Event by - @six_sigma_weddings 
Venue- @shoonyafarmretreat 
Photography- @prajwal_danashetty 
.
.
.
…","Saved public Instagram metadata; not freshly verified","Retained in the full list; not selected as a testimonial."
"Instagram","aaduphoria","Indeed the cutest😍","Other public comment","No","35w","https://instagram.com/p/DUM5U0uEWQx/c/18165210463400574/","1","2026-10-09T14:36:46.324Z","18165210463400574","https://instagram.com/p/DUM5U0uEWQx/c/18165210463400574/","https://www.instagram.com/p/DUM5U0uEWQx/","One with the cutest celebrity ( @aadushaaa ) I met at Aastha & Samarth’s Wedding in Solan, Himachal Pradesh. ✨🎊@oye_nonu & @mansi.sharma.mn you guys are the best🎉 . . . . . . . . . . . . . . . . . . . . . . .#nitsiyatv #nitsiyatvistheb…","Signed-in Chrome; public post comments","Retained in the full list; not selected as a hosting testimonial."
"Instagram","aditya_k1118","❤️❤️","Reaction","No","28w","https://instagram.com/p/DWJl9ONjIT0/c/18097140506061509/","1","2026-10-09T14:34:55.758Z","18097140506061509","https://instagram.com/p/DWJl9ONjIT0/c/18097140506061509/","https://www.instagram.com/p/DWJl9ONjIT0/","Anchor ne bola tarif karo… Unhone bola zabardasti hai… Par phir bhi dil se bol diya ❤️😂#uncutmoments #realemotions #indianwedding #weddingreelsindia #husbandwife","Signed-in Chrome; public post comments","Retained in the full list; not selected as a testimonial."
"Instagram","aditya_kallimani","Let’s goooo 🔥🔥","Other public comment","No","32w","https://instagram.com/p/DVOhmDjExLr/c/17904835857363965/","1","2026-10-09T14:36:34.062Z","17904835857363965","https://instagram.com/p/DVOhmDjExLr/c/17904835857363965/","https://www.instagram.com/p/DVOhmDjExLr/","Strangers turned tribe. Colours turned memories. Holi in the Woods — where we celebrated differently. For online bookings check link in bio. For bookings contact: +91 88618 80561 | +91 81497 42774","Signed-in Chrome; public post comments","Retained in the full list; not selected as a hosting testimonial."
"Instagram","agv.ur_versatileemcee","👏","Reaction","No","24w","https://instagram.com/p/DV_f7-JEVZL/c/18420622972126442/","","2026-10-09T14:35:01.988Z","18420622972126442","https://instagram.com/p/DV_f7-JEVZL/c/18420622972126442/","https://www.instagram.com/p/DV_f7-JEVZL/","It’s written in the stars ✨ Anurag ❤️ Devika, a match made in heaven.♥️ . . . . Couple- @its_devikanurag ♥️ Bride- @the_devika ✨ Groom- @anuraggk ✨ Choreography- @xtremedancecompany @i_rajatmishra @sanjanajaiswal128 ✨ Venue- @anantarajai…","Signed-in Chrome; public post comments","Retained in the full list; not selected as a testimonial."
"Instagram","ajayjamnani","Rizzz 🫡🙌😛","Other public comment","No","31w","https://instagram.com/p/DViIbFxkYnW/c/18005411972705705/","1","2026-10-09T14:35:08.827Z","18005411972705705","https://instagram.com/p/DViIbFxkYnW/c/18005411972705705/","https://www.instagram.com/p/DViIbFxkYnW/","📍 @lacabanaresortFor amoghkatwe & @aishwarya_prabhu wedding✨ . . Shot by - @evarafilms.in ❤️ . .#goa #wedding #haldi #viral #fyp. . . . . . . . . . . . . . . . . . . . . . . . . ( Goa Wedding Mumbai Pune Lonavala Igatpuri Anchor Emcee M…","Signed-in Chrome; public post comments","Retained in the full list; not selected as a hosting testimonial."
"Instagram","akankshhaaa.b","hit❤️‍🔥","Other public comment","No","10w","https://instagram.com/p/DbD4kYbzDNW/c/18220359457332150/","1","2026-10-09T14:32:20.133Z","18220359457332150","https://instagram.com/p/DbD4kYbzDNW/c/18220359457332150/","https://www.instagram.com/p/DbD4kYbzDNW/","A sangeet done right starts with crazy energy and ends with happy hearts taking over the dance floor. 🪩🔥💃🏼 Wedding content creator - @theshaadisociall#sangeetdance #wedding #weddingcontentcreator #trendingreel","Signed-in Chrome; public post comments","Retained in the full list; not selected as a hosting testimonial."
"Instagram","amardeep__007","Congratulations 🥳","Other public comment","No","23w","https://instagram.com/p/DXlLc0Ik-oV/c/18015756965680951/","1","2026-10-09T14:34:09.302Z","18015756965680951","https://instagram.com/p/DXlLc0Ik-oV/c/18015756965680951/","https://www.instagram.com/p/DXlLc0Ik-oV/","Built on dreams, driven with LOVE ❤️✨ Manifesting Big Dreams Alongside You ✨♥️ . . . . . . . .#newcar #cardelivery #kiaseltos #kia #car","Signed-in Chrome; public post comments","Retained in the full list; not selected as a hosting testimonial."
"Instagram","amman_kumar","🤣🤣","Reaction","No","36w","https://instagram.com/p/DT5USqOknUA/c/17873355843502173/","","2026-10-09T14:36:53.203Z","17873355843502173","https://instagram.com/p/DT5USqOknUA/c/17873355843502173/","https://www.instagram.com/p/DT5USqOknUA/","Kya lagta hai aapko, SHRIKHAND kaha milta hai??? Play this game at a 2 States Wedding ♥️ . . . Anchor/Emcee- @yourdreamanchorBRIDE - @dhriti.s.patilGROOM- @sahil.s.patilVenue - @thecliffpanchgani. . . . .. . . . . . . .#viral #game #wedd…","Signed-in Chrome; public post comments","Retained in the full list; not selected as a testimonial."
"Instagram","an_educator_9770","Ye nayi bkchodi aagyi market me 😂😂","Other public comment","No","2024-11-11T13:41:55.000Z","https://www.instagram.com/reel/C7ZxSazKZmH/","0","2026-10-08T14:27:35.000Z","17961506336819163","https://www.instagram.com/reel/C7ZxSazKZmH/","https://www.instagram.com/reel/C7ZxSazKZmH/","Fastest Finger First 🚨🚨🚨
.
.
.
Bride - @nehaupase96 
Groom- @vineeth.br10 
Venue - @mirayagreens_official 
Video by - @josh_vaishnavi 
Game Curated & Executed by - @akshayguitarbajanewala 
.
.
.
.
.
.
[ Bangalore weddings wedding shad…","Saved public Instagram metadata; not freshly verified","Retained in the full list; not selected as a hosting testimonial."
"Instagram","anchor__laxmipriya","🔥😍","Reaction","No","2026-03-02T09:25:27.000Z","https://www.instagram.com/reel/C7ZxSazKZmH/","0","2026-10-08T14:27:35.000Z","17965088847034138","https://www.instagram.com/reel/C7ZxSazKZmH/","https://www.instagram.com/reel/C7ZxSazKZmH/","Fastest Finger First 🚨🚨🚨
.
.
.
Bride - @nehaupase96 
Groom- @vineeth.br10 
Venue - @mirayagreens_official 
Video by - @josh_vaishnavi 
Game Curated & Executed by - @akshayguitarbajanewala 
.
.
.
.
.
.
[ Bangalore weddings wedding shad…","Saved public Instagram metadata; not freshly verified","Retained in the full list; not selected as a testimonial."
"Instagram","anchor_arudalbanjan_official","Congratulations..🔥 amazing person u are","Other public comment","No","24w","https://instagram.com/p/DXWObTEEc-h/c/18345384829211787/","1","2026-10-09T14:34:12.978Z","18345384829211787","https://instagram.com/p/DXWObTEEc-h/c/18345384829211787/","https://www.instagram.com/p/DXWObTEEc-h/","Wife said Kia, I agreed ♥️🧿 Kia Seltos, straight from heart 💝✨ . . . . . .#newcar #kia #seltos #couple #love","Signed-in Chrome; public post comments","Retained in the full list; not selected as a hosting testimonial."
"Instagram","anchor_jyotisoni","Congratulations 🙌 Party?","Question or request","No","23w","https://instagram.com/p/DXlLc0Ik-oV/c/18007331804859869/","1","2026-10-09T14:34:09.302Z","18007331804859869","https://instagram.com/p/DXlLc0Ik-oV/c/18007331804859869/","https://www.instagram.com/p/DXlLc0Ik-oV/","Built on dreams, driven with LOVE ❤️✨ Manifesting Big Dreams Alongside You ✨♥️ . . . . . . . .#newcar #cardelivery #kiaseltos #kia #car","Signed-in Chrome; public post comments","Retained in the full list; not selected as a testimonial."
"Instagram","anchor_jyotisoni","Congratulations","Other public comment","No","24w","https://instagram.com/p/DXWObTEEc-h/c/17922641142302247/","1","2026-10-09T14:34:12.978Z","17922641142302247","https://instagram.com/p/DXWObTEEc-h/c/17922641142302247/","https://www.instagram.com/p/DXWObTEEc-h/","Wife said Kia, I agreed ♥️🧿 Kia Seltos, straight from heart 💝✨ . . . . . .#newcar #kia #seltos #couple #love","Signed-in Chrome; public post comments","Retained in the full list; not selected as a hosting testimonial."
"Instagram","anchor_jyotisoni","Awesome","Other public comment","No","2026-02-05T20:42:58.000Z","https://www.instagram.com/reel/DCy1D-3o_Kf/","0","2026-10-08T14:27:23.000Z","17875341432492201","https://www.instagram.com/reel/DCy1D-3o_Kf/","https://www.instagram.com/reel/DCy1D-3o_Kf/","New Game Alert! 🚨 🔔 ‼️ 
Guess the Bollywood movies by their English translation! 
.
.
.
.
.
Bride- @sphoortify 
Groom- @adi_11_sharma 
Event by - @six_sigma_weddings 
Venue- @shoonyafarmretreat 
Photography- @prajwal_danashetty 
.
.
.
…","Saved public Instagram metadata; not freshly verified","Retained in the full list; not selected as a hosting testimonial."
"Instagram","anchor_jyotisoni","Awesome","Other public comment","No","2024-12-30T10:39:27.000Z","https://www.instagram.com/reel/DCy1D-3o_Kf/","1","2026-10-08T14:27:23.000Z","18043488620189252","https://www.instagram.com/reel/DCy1D-3o_Kf/","https://www.instagram.com/reel/DCy1D-3o_Kf/","New Game Alert! 🚨 🔔 ‼️ 
Guess the Bollywood movies by their English translation! 
.
.
.
.
.
Bride- @sphoortify 
Groom- @adi_11_sharma 
Event by - @six_sigma_weddings 
Venue- @shoonyafarmretreat 
Photography- @prajwal_danashetty 
.
.
.
…","Saved public Instagram metadata; not freshly verified","Retained in the full list; not selected as a hosting testimonial."
"Instagram","anchor_pushkaraj","I m gone try this 😻","Other public comment","No","21w","https://instagram.com/p/DV_f7-JEVZL/c/18091554338519760/","","2026-10-09T14:35:01.988Z","18091554338519760","https://instagram.com/p/DV_f7-JEVZL/c/18091554338519760/","https://www.instagram.com/p/DV_f7-JEVZL/","It’s written in the stars ✨ Anurag ❤️ Devika, a match made in heaven.♥️ . . . . Couple- @its_devikanurag ♥️ Bride- @the_devika ✨ Groom- @anuraggk ✨ Choreography- @xtremedancecompany @i_rajatmishra @sanjanajaiswal128 ✨ Venue- @anantarajai…","Signed-in Chrome; public post comments","Retained in the full list; not selected as a hosting testimonial."
"Instagram","anchor_sanjana_nyamati","🔥🔥","Reaction","No","11w","https://instagram.com/p/Da-zSrdzqld/c/18111832544317066/","2","2026-10-09T14:32:23.859Z","18111832544317066","https://instagram.com/p/Da-zSrdzqld/c/18111832544317066/","https://www.instagram.com/p/Da-zSrdzqld/","🚨 NEW GAME ALERT! 🚨 Comment “List” to get the entire list of 3 words & the movies. Warning: This one is guaranteed to bring out the competitive side of your guests! 😂🔥 Less awkward silence. More laughter. More chaos. More unforgettab…","Signed-in Chrome; public post comments","Retained in the full list; not selected as a testimonial."
"Instagram","anchor_sanjana_nyamati","🔥🔥","Reaction","No","23w","https://instagram.com/p/DXlLc0Ik-oV/c/17886022755502944/","1","2026-10-09T14:34:09.302Z","17886022755502944","https://instagram.com/p/DXlLc0Ik-oV/c/17886022755502944/","https://www.instagram.com/p/DXlLc0Ik-oV/","Built on dreams, driven with LOVE ❤️✨ Manifesting Big Dreams Alongside You ✨♥️ . . . . . . . .#newcar #cardelivery #kiaseltos #kia #car","Signed-in Chrome; public post comments","Retained in the full list; not selected as a testimonial."
"Instagram","anchor_vaneesh","😍🔥🔥","Reaction","No","33w","https://instagram.com/p/DU09GWBEuYN/c/18452290309103647/","","2026-10-09T14:36:37.521Z","18452290309103647","https://instagram.com/p/DU09GWBEuYN/c/18452290309103647/","https://www.instagram.com/p/DU09GWBEuYN/","","Signed-in Chrome; public post comments","Retained in the full list; not selected as a testimonial."
"Instagram","anchorjanvi_","😂😍😍👏👏👏","Reaction","No","31w","https://instagram.com/p/DVTuyDzEisu/c/17929531833057616/","1","2026-10-09T14:35:10.413Z","17929531833057616","https://instagram.com/p/DVTuyDzEisu/c/17929531833057616/","https://www.instagram.com/p/DVTuyDzEisu/","Wait for the end 😂😂😂 . . Bride- @janhavinagwekarGroom- @itsdipenmehtaVenue- @thefernresortganpatipule. .#fypppppppppppppppppppppppppppppppppppppppppppppppppppppppppppppppppppppp #viral #haldi #wedding #anchor. . . . . . . . . The audi…","Signed-in Chrome; public post comments","Retained in the full list; not selected as a testimonial."
"Instagram","anchorkapilagarwal","🔥🔥👏","Reaction","No","29w","https://instagram.com/p/DV_f7-JEVZL/c/18044182994723096/","3","2026-10-09T14:35:01.988Z","18044182994723096","https://instagram.com/p/DV_f7-JEVZL/c/18044182994723096/","https://www.instagram.com/p/DV_f7-JEVZL/","It’s written in the stars ✨ Anurag ❤️ Devika, a match made in heaven.♥️ . . . . Couple- @its_devikanurag ♥️ Bride- @the_devika ✨ Groom- @anuraggk ✨ Choreography- @xtremedancecompany @i_rajatmishra @sanjanajaiswal128 ✨ Venue- @anantarajai…","Signed-in Chrome; public post comments","Retained in the full list; not selected as a testimonial."
"Instagram","anchorkapilagarwal","👏👏","Reaction","No","2025-04-07T16:03:26.000Z","https://www.instagram.com/reel/DCy1D-3o_Kf/","0","2026-10-08T14:27:23.000Z","17850835470431051","https://www.instagram.com/reel/DCy1D-3o_Kf/","https://www.instagram.com/reel/DCy1D-3o_Kf/","New Game Alert! 🚨 🔔 ‼️ 
Guess the Bollywood movies by their English translation! 
.
.
.
.
.
Bride- @sphoortify 
Groom- @adi_11_sharma 
Event by - @six_sigma_weddings 
Venue- @shoonyafarmretreat 
Photography- @prajwal_danashetty 
.
.
.
…","Saved public Instagram metadata; not freshly verified","Retained in the full list; not selected as a testimonial."
"Instagram","anchorsushmalaxani","This is so lovely 😍❤️","Other public comment","No","15w","https://instagram.com/p/DZ7YTQmRw-D/c/17895089673354939/","1","2026-10-09T14:33:56.555Z","17895089673354939","https://instagram.com/p/DZ7YTQmRw-D/c/17895089673354939/","https://www.instagram.com/p/DZ7YTQmRw-D/","Because my favourite person deserves something made with love 💝✨ . . . . . . .#birthday #love #fyp #trip #travel","Signed-in Chrome; public post comments","Retained in the full list; not selected as a hosting testimonial."
"Instagram","anjali07gupta","How to book the anchor?","Question or request","No","2025-09-07T06:24:31.000Z","https://www.instagram.com/reel/DCy1D-3o_Kf/","0","2026-10-08T14:27:23.000Z","18011058347612127","https://www.instagram.com/reel/DCy1D-3o_Kf/","https://www.instagram.com/reel/DCy1D-3o_Kf/","New Game Alert! 🚨 🔔 ‼️ 
Guess the Bollywood movies by their English translation! 
.
.
.
.
.
Bride- @sphoortify 
Groom- @adi_11_sharma 
Event by - @six_sigma_weddings 
Venue- @shoonyafarmretreat 
Photography- @prajwal_danashetty 
.
.
.
…","Saved public Instagram metadata; not freshly verified","Retained in the full list; not selected as a testimonial."
"Instagram","ankur.joshi.156","😂😂😂","Reaction","No","31w","https://instagram.com/p/DVTuyDzEisu/c/18059878943357793/","1","2026-10-09T14:35:10.413Z","18059878943357793","https://instagram.com/p/DVTuyDzEisu/c/18059878943357793/","https://www.instagram.com/p/DVTuyDzEisu/","Wait for the end 😂😂😂 . . Bride- @janhavinagwekarGroom- @itsdipenmehtaVenue- @thefernresortganpatipule. .#fypppppppppppppppppppppppppppppppppppppppppppppppppppppppppppppppppppppp #viral #haldi #wedding #anchor. . . . . . . . . The audi…","Signed-in Chrome; public post comments","Retained in the full list; not selected as a testimonial."
"Instagram","anushasm_","Congratulations 🥳🤝","Other public comment","No","23w","https://instagram.com/p/DXlLc0Ik-oV/c/18114535861702097/","1","2026-10-09T14:34:09.302Z","18114535861702097","https://instagram.com/p/DXlLc0Ik-oV/c/18114535861702097/","https://www.instagram.com/p/DXlLc0Ik-oV/","Built on dreams, driven with LOVE ❤️✨ Manifesting Big Dreams Alongside You ✨♥️ . . . . . . . .#newcar #cardelivery #kiaseltos #kia #car","Signed-in Chrome; public post comments","Retained in the full list; not selected as a hosting testimonial."
"Instagram","apoorwa_khanolkar","Heartiest congratulations ✨","Other public comment","No","23w","https://instagram.com/p/DXlLc0Ik-oV/c/18100757204041769/","1","2026-10-09T14:34:09.302Z","18100757204041769","https://instagram.com/p/DXlLc0Ik-oV/c/18100757204041769/","https://www.instagram.com/p/DXlLc0Ik-oV/","Built on dreams, driven with LOVE ❤️✨ Manifesting Big Dreams Alongside You ✨♥️ . . . . . . . .#newcar #cardelivery #kiaseltos #kia #car","Signed-in Chrome; public post comments","Retained in the full list; not selected as a hosting testimonial."
"Instagram","arnavajg","Yaha mai pighal gaya 😂😂😂","Other public comment","No","30w","https://instagram.com/p/DViIbFxkYnW/c/17956170090082525/","1","2026-10-09T14:35:08.827Z","17956170090082525","https://instagram.com/p/DViIbFxkYnW/c/17956170090082525/","https://www.instagram.com/p/DViIbFxkYnW/","📍 @lacabanaresortFor amoghkatwe & @aishwarya_prabhu wedding✨ . . Shot by - @evarafilms.in ❤️ . .#goa #wedding #haldi #viral #fyp. . . . . . . . . . . . . . . . . . . . . . . . . ( Goa Wedding Mumbai Pune Lonavala Igatpuri Anchor Emcee M…","Signed-in Chrome; public post comments","Retained in the full list; not selected as a hosting testimonial."
"Instagram","arpita.r.patil","This is so cute. Happy Birthday, girl! 😁","Other public comment","No","15w","https://instagram.com/p/DZ7YTQmRw-D/c/18123890779589190/","1","2026-10-09T14:33:56.555Z","18123890779589190","https://instagram.com/p/DZ7YTQmRw-D/c/18123890779589190/","https://www.instagram.com/p/DZ7YTQmRw-D/","Because my favourite person deserves something made with love 💝✨ . . . . . . .#birthday #love #fyp #trip #travel","Signed-in Chrome; public post comments","Retained in the full list; not selected as a hosting testimonial."
"Instagram","arunima1414","❤️❤️🔥🔥","Reaction","No","18w","https://instagram.com/p/DZFvyC9NqSU/c/17889984126550644/","","2026-10-09T14:33:58.590Z","17889984126550644","https://instagram.com/p/DZFvyC9NqSU/c/17889984126550644/","https://www.instagram.com/p/DZFvyC9NqSU/","PoV: Aayi hai woh banke teri dulhaniya 💛 . . . Bride - @purvanergyGroom - @vaibhav_andhereCouple - @vp.wanderlovePlanners - @vogueeventsofficial_Photography - @clickographyAnchor - @yourdreamanchorChoreography and concept - @xtremedance…","Signed-in Chrome; public post comments","Retained in the full list; not selected as a testimonial."
"Instagram","ashauk.kadapatti","❤️🔥🙌","Reaction","No","32w","https://instagram.com/p/DVOhmDjExLr/c/17998763513905242/","","2026-10-09T14:36:34.062Z","17998763513905242","https://instagram.com/p/DVOhmDjExLr/c/17998763513905242/","https://www.instagram.com/p/DVOhmDjExLr/","Strangers turned tribe. Colours turned memories. Holi in the Woods — where we celebrated differently. For online bookings check link in bio. For bookings contact: +91 88618 80561 | +91 81497 42774","Signed-in Chrome; public post comments","Retained in the full list; not selected as a testimonial."
"Instagram","badnam___panda_","Bro can u send pm the tag lines and all products","Question or request","No","2024-11-07T07:06:10.000Z","https://www.instagram.com/reel/C7ZxSazKZmH/","0","2026-10-08T14:27:35.000Z","17938023014799102","https://www.instagram.com/reel/C7ZxSazKZmH/","https://www.instagram.com/reel/C7ZxSazKZmH/","Fastest Finger First 🚨🚨🚨
.
.
.
Bride - @nehaupase96 
Groom- @vineeth.br10 
Venue - @mirayagreens_official 
Video by - @josh_vaishnavi 
Game Curated & Executed by - @akshayguitarbajanewala 
.
.
.
.
.
.
[ Bangalore weddings wedding shad…","Saved public Instagram metadata; not freshly verified","Retained in the full list; not selected as a testimonial."
"Instagram","banupetiwala","Location","Question or request","No","12w","https://instagram.com/p/DaIaQvCxEGW/c/18399659119094791/","2","2026-10-09T14:33:54.605Z","18399659119094791","https://instagram.com/p/DaIaQvCxEGW/c/18399659119094791/","https://www.instagram.com/p/DaIaQvCxEGW/","Imagine Waking Up To This View ✨🤌🏼 . . . . . . . . . . . . . .#trip #love #travel #staycation #resort","Signed-in Chrome; public post comments","Retained in the full list; not selected as a testimonial."
"Instagram","bhagya_jk","😍😍😍","Reaction","No","12w","https://instagram.com/p/DaqBs6URWuU/c/17884285938656229/","1","2026-10-09T14:32:34.607Z","17884285938656229","https://instagram.com/p/DaqBs6URWuU/c/17884285938656229/","https://www.instagram.com/p/DaqBs6URWuU/","Rishikesh & Haridwar through my lens ✨ . . . . . . . .#rishikesh #haridwar #spirituality #peace #travel","Signed-in Chrome; public post comments","Retained in the full list; not selected as a testimonial."
"Instagram","bhakti5015","Congratulations mitali","Other public comment","No","32w","https://instagram.com/p/DU_As5qErhY/c/18122948659504296/","","2026-10-09T14:36:35.849Z","18122948659504296","https://instagram.com/p/DU_As5qErhY/c/18122948659504296/","https://www.instagram.com/p/DU_As5qErhY/","Colourful Haldi for the Beautiful Couple ♥️🧡💛 . . Groom- @krish_israni1Bride - @mitali_israniVenue- @radissonblu.faridabad. . . . . .#wedding #haldi #anchor #fyp #explore. . . . . . . . . The audio belongs to the respective owner, no c…","Signed-in Chrome; public post comments","Retained in the full list; not selected as a hosting testimonial."
"Instagram","bhardwaj_madhu","❤️❤️❤️🙌🙌🙌🙌","Reaction","No","33w","https://instagram.com/p/DUui6Hrkl73/c/18143395015462956/","2","2026-10-09T14:36:40.456Z","18143395015462956","https://instagram.com/p/DUui6Hrkl73/c/18143395015462956/","https://www.instagram.com/p/DUui6Hrkl73/","@shreusriya @riyalotlikarHaldi by the sunshine, Sangeet under the Goan stars 💛🌴 Shreus & Riya turned Nanu Beach Resort,Goa into a lovely celebration of love, laughter & limitless dance 💃 🕺 🪩 . . . Event by- @theperfectknot_Venue- @n…","Signed-in Chrome; public post comments","Retained in the full list; not selected as a testimonial."
"Instagram","bhavnajj__","🥹🥹cute cute","Other public comment","No","15w","https://instagram.com/p/DZ7YTQmRw-D/c/17992134407993305/","1","2026-10-09T14:33:56.555Z","17992134407993305","https://instagram.com/p/DZ7YTQmRw-D/c/17992134407993305/","https://www.instagram.com/p/DZ7YTQmRw-D/","Because my favourite person deserves something made with love 💝✨ . . . . . . .#birthday #love #fyp #trip #travel","Signed-in Chrome; public post comments","Retained in the full list; not selected as a hosting testimonial."
"Instagram","chaar.log.kya.kahenge","😍🔥🙌❤️","Reaction","No","28w","https://instagram.com/p/DWHBwMbBkNZ/c/18110018227809744/","1","2026-10-09T14:34:57.759Z","18110018227809744","https://instagram.com/p/DWHBwMbBkNZ/c/18110018227809744/","https://www.instagram.com/p/DWHBwMbBkNZ/","Try This New Game with all your loved ones at your Wedding Haldi or Carnival ✨🎉♥️ . . . . . 📍 @anantarajaipur @tajcidadedegoaEvent Planners at Anantara Jaipur (@weddingkalakaar ) Event Planners at Taj Cidade De Goa(@simplyprettyplanner…","Signed-in Chrome; public post comments","Retained in the full list; not selected as a testimonial."
"Instagram","chaar.log.kya.kahenge","🔥🔥🔥","Reaction","No","28w","https://instagram.com/p/DWGqxk8EZda/c/17877630657418717/","1","2026-10-09T14:34:59.698Z","17877630657418717","https://instagram.com/p/DWGqxk8EZda/c/17877630657418717/","https://www.instagram.com/p/DWGqxk8EZda/","Try this new game at your Wedding Haldi or Carnival 🎡♥️✨ . .@simplyprettyplanners @weddingkalakaar@tajcidadedegoa @anantarajaipur@thesocial_wedding @ankushh.4 @reeltales_. . .#fyp #viral #reels #game #wedding. . . . . No copyright infri…","Signed-in Chrome; public post comments","Retained in the full list; not selected as a testimonial."
"Instagram","chaitanyavernekar","Amazing journey👏","Other public comment","No","38w","https://instagram.com/p/DTdAwZ_mBOy/c/18086251748036205/","","2026-10-09T14:36:58.115Z","18086251748036205","https://instagram.com/p/DTdAwZ_mBOy/c/18086251748036205/","https://www.instagram.com/p/DTdAwZ_mBOy/","Every fall teaches. Every doubt shapes belief. The journey isn’t straight, but persistence is what makes history. 10 years of professional anchoring! 🎤 Your Dream Anchor ♥️ . . . .#10years #grateful #anchor #anchoring #anchoring🎤 #emce…","Signed-in Chrome; public post comments","Retained in the full list; not selected as a hosting testimonial."
"Instagram","chandanidesai_","Location","Question or request","No","12w","https://instagram.com/p/DaIaQvCxEGW/c/18106346078011594/","1","2026-10-09T14:33:54.605Z","18106346078011594","https://instagram.com/p/DaIaQvCxEGW/c/18106346078011594/","https://www.instagram.com/p/DaIaQvCxEGW/","Imagine Waking Up To This View ✨🤌🏼 . . . . . . . . . . . . . .#trip #love #travel #staycation #resort","Signed-in Chrome; public post comments","Retained in the full list; not selected as a testimonial."
"Instagram","cryptogurugk","Congrats 💐","Other public comment","No","23w","https://instagram.com/p/DXlLc0Ik-oV/c/17960916524934982/","1","2026-10-09T14:34:09.302Z","17960916524934982","https://instagram.com/p/DXlLc0Ik-oV/c/17960916524934982/","https://www.instagram.com/p/DXlLc0Ik-oV/","Built on dreams, driven with LOVE ❤️✨ Manifesting Big Dreams Alongside You ✨♥️ . . . . . . . .#newcar #cardelivery #kiaseltos #kia #car","Signed-in Chrome; public post comments","Retained in the full list; not selected as a hosting testimonial."
"Instagram","daintygirl.captures","So Cute❤️","Other public comment","No","15w","https://instagram.com/p/DZ7YTQmRw-D/c/17891825769551899/","1","2026-10-09T14:33:56.555Z","17891825769551899","https://instagram.com/p/DZ7YTQmRw-D/c/17891825769551899/","https://www.instagram.com/p/DZ7YTQmRw-D/","Because my favourite person deserves something made with love 💝✨ . . . . . . .#birthday #love #fyp #trip #travel","Signed-in Chrome; public post comments","Retained in the full list; not selected as a hosting testimonial."
"Instagram","deepagurbuxani","🔥🔥🔥❤️❤️","Reaction","No","2026-10-06T12:22:28.000Z","https://instagram.com/p/DeKEPSoRU0I/c/18163847554493798/","0","2026-10-09T14:28:29.904Z","18163847554493798","https://instagram.com/p/DeKEPSoRU0I/c/18163847554493798/","https://www.instagram.com/p/DeKEPSoRU0I/","@nainarupchandani & @hari_polumuru ‘s happily ever after ♥️💝 beautifully shot by @evarafilms.in @explore_with_pd 😍♥️ . . Bride - @nainarupchandaniGroom- @hari_polumuruVenue- @shoonyafarmretreatPhotography 📸 - @evarafilms.in. . . . . .…","Signed-in Chrome; public post comments","Retained in the full list; not selected as a testimonial."
"Instagram","devu_madhu","Location","Question or request","No","12w","https://instagram.com/p/DaIaQvCxEGW/c/18152258530495735/","1","2026-10-09T14:33:54.605Z","18152258530495735","https://instagram.com/p/DaIaQvCxEGW/c/18152258530495735/","https://www.instagram.com/p/DaIaQvCxEGW/","Imagine Waking Up To This View ✨🤌🏼 . . . . . . . . . . . . . .#trip #love #travel #staycation #resort","Signed-in Chrome; public post comments","Retained in the full list; not selected as a testimonial."
"Instagram","dhawan_jakshita_","","Reaction","No","32w","https://instagram.com/p/DU_As5qErhY/c/18583554232032659/","","2026-10-09T14:36:35.849Z","18583554232032659","https://instagram.com/p/DU_As5qErhY/c/18583554232032659/","https://www.instagram.com/p/DU_As5qErhY/","Colourful Haldi for the Beautiful Couple ♥️🧡💛 . . Groom- @krish_israni1Bride - @mitali_israniVenue- @radissonblu.faridabad. . . . . .#wedding #haldi #anchor #fyp #explore. . . . . . . . . The audio belongs to the respective owner, no c…","Signed-in Chrome; public post comments","Retained in the full list; not selected as a testimonial."
"Instagram","dipti_sridhar_desai","Very beautiful 😍","Other public comment","No","12w","https://instagram.com/p/DaqBs6URWuU/c/17909043273441527/","1","2026-10-09T14:32:34.607Z","17909043273441527","https://instagram.com/p/DaqBs6URWuU/c/17909043273441527/","https://www.instagram.com/p/DaqBs6URWuU/","Rishikesh & Haridwar through my lens ✨ . . . . . . . .#rishikesh #haridwar #spirituality #peace #travel","Signed-in Chrome; public post comments","Retained in the full list; not selected as a hosting testimonial."
"Instagram","dipti_sridhar_desai","😍🙌","Reaction","No","29w","https://instagram.com/p/DV_f7-JEVZL/c/17953689342097368/","2","2026-10-09T14:35:01.988Z","17953689342097368","https://instagram.com/p/DV_f7-JEVZL/c/17953689342097368/","https://www.instagram.com/p/DV_f7-JEVZL/","It’s written in the stars ✨ Anurag ❤️ Devika, a match made in heaven.♥️ . . . . Couple- @its_devikanurag ♥️ Bride- @the_devika ✨ Groom- @anuraggk ✨ Choreography- @xtremedancecompany @i_rajatmishra @sanjanajaiswal128 ✨ Venue- @anantarajai…","Signed-in Chrome; public post comments","Retained in the full list; not selected as a testimonial."
"Instagram","dipti_sridhar_desai","🔥","Reaction","No","36w","https://instagram.com/p/DUC5SHVDbkOV1C-SRgzL5tru_u27IRc_C0Sr4E0/c/18144900427461065/","","2026-10-09T14:36:49.759Z","18144900427461065","https://instagram.com/p/DUC5SHVDbkOV1C-SRgzL5tru_u27IRc_C0Sr4E0/c/18144900427461065/","https://www.instagram.com/p/DUC5SHVDbkOV1C-SRgzL5tru_u27IRc_C0Sr4E0/","","Signed-in Chrome; public post comments","Retained in the full list; not selected as a testimonial."
"Instagram","doc_sleepy_doze","🫶🫶🧿","Reaction","No","15w","https://instagram.com/p/DZ7YTQmRw-D/c/17874976881678603/","2","2026-10-09T14:33:56.555Z","17874976881678603","https://instagram.com/p/DZ7YTQmRw-D/c/17874976881678603/","https://www.instagram.com/p/DZ7YTQmRw-D/","Because my favourite person deserves something made with love 💝✨ . . . . . . .#birthday #love #fyp #trip #travel","Signed-in Chrome; public post comments","Retained in the full list; not selected as a testimonial."
"Instagram","edits_by_anshit","😍","Reaction","No","12w","https://instagram.com/p/Dap3A8-MsUo/c/18014509988710730/","","2026-10-09T14:32:36.701Z","18014509988710730","https://instagram.com/p/Dap3A8-MsUo/c/18014509988710730/","https://www.instagram.com/p/Dap3A8-MsUo/","Cheers to love that lights up every moment ✨🧿 . . Event Planned & Executed by - @vogueeventsofficial_ @vishal.rohira_Bride @shloka.chauhanGroom @hridaaychauhan. . (Sangeet decor, Sangeet ceremony, Sangeet vibes, Dance performances, Coup…","Signed-in Chrome; public post comments","Retained in the full list; not selected as a testimonial."
"Instagram","el_nixjain","Congratulations Akshay!! ❤️","Other public comment","No","23w","https://instagram.com/p/DXlLc0Ik-oV/c/18109417648681228/","1","2026-10-09T14:34:09.302Z","18109417648681228","https://instagram.com/p/DXlLc0Ik-oV/c/18109417648681228/","https://www.instagram.com/p/DXlLc0Ik-oV/","Built on dreams, driven with LOVE ❤️✨ Manifesting Big Dreams Alongside You ✨♥️ . . . . . . . .#newcar #cardelivery #kiaseltos #kia #car","Signed-in Chrome; public post comments","Retained in the full list; not selected as a hosting testimonial."
"Instagram","el_nixjain","Congratulations Akshay ✨","Other public comment","No","24w","https://instagram.com/p/DXWObTEEc-h/c/17999513411928173/","1","2026-10-09T14:34:12.978Z","17999513411928173","https://instagram.com/p/DXWObTEEc-h/c/17999513411928173/","https://www.instagram.com/p/DXWObTEEc-h/","Wife said Kia, I agreed ♥️🧿 Kia Seltos, straight from heart 💝✨ . . . . . .#newcar #kia #seltos #couple #love","Signed-in Chrome; public post comments","Retained in the full list; not selected as a hosting testimonial."
"Instagram","elnino_music","🔥🔥🔥🙌🙌🙌","Reaction","No","23w","https://instagram.com/p/DXrPFjdNk0P/c/18100891987954559/","1","2026-10-09T14:34:07.461Z","18100891987954559","https://instagram.com/p/DXrPFjdNk0P/c/18100891987954559/","https://www.instagram.com/p/DXrPFjdNk0P/","Making sure after parties last till sunrise 😮‍💨 . . . Couple @vaibhav_andhere @vp.wanderloveDJ @vdjsoul & team Event Team @vogueeventsofficial_ @vishal.rohira_ @hhriithiikkAnchor @yourdreamanchorVenue @tropicalretreatigatpuri. . . [ af…","Signed-in Chrome; public post comments","Retained in the full list; not selected as a testimonial."
"Instagram","evarafilms.in","🙌😍😍","Reaction","No","2026-10-06T15:32:18.000Z","https://instagram.com/p/DeKEPSoRU0I/c/17933158764147261/","0","2026-10-09T14:28:29.904Z","17933158764147261","https://instagram.com/p/DeKEPSoRU0I/c/17933158764147261/","https://www.instagram.com/p/DeKEPSoRU0I/","@nainarupchandani & @hari_polumuru ‘s happily ever after ♥️💝 beautifully shot by @evarafilms.in @explore_with_pd 😍♥️ . . Bride - @nainarupchandaniGroom- @hari_polumuruVenue- @shoonyafarmretreatPhotography 📸 - @evarafilms.in. . . . . .…","Signed-in Chrome; public post comments","Retained in the full list; not selected as a testimonial."
"Instagram","evarafilms.in","🔥🔥🔥🔥🔥","Reaction","No","10w","https://instagram.com/p/DbL8_vTkhsN/c/18144240208468050/","","2026-10-09T14:31:32.120Z","18144240208468050","https://instagram.com/p/DbL8_vTkhsN/c/18144240208468050/","https://www.instagram.com/p/DbL8_vTkhsN/","Bringing the energy, setting the mood, and keeping the night unforgettable. Honored to host such a night of pure magic! ✨ 🪩 . . . Captured by @evarafilms.in 💝 . . . . . . . .#fyp #explorepage✨ #art #artist #anchor","Signed-in Chrome; public post comments","Retained in the full list; not selected as a testimonial."
"Instagram","evarafilms.in","🔥🔥🔥","Reaction","No","32w","https://instagram.com/p/DVQ0EDnkrB4/c/18557415586038359/","1","2026-10-09T14:36:32.443Z","18557415586038359","https://instagram.com/p/DVQ0EDnkrB4/c/18557415586038359/","https://www.instagram.com/p/DVQ0EDnkrB4/","New Game Alert 🚨 ‼️ 🔔 Get the Coloured Prop mentioned in the Bollywood Song.#yourdreamanchor #art #explore #viral #game. . . . . . [ Bollywood, Crazy Fun, Shadi Vibes, Funny, Comedy, Engaging, fun times, Anchor for weddings, Wedding An…","Signed-in Chrome; public post comments","Retained in the full list; not selected as a testimonial."
"Instagram","evarafilms.in","Crazy 🔥🔥🔥🔥❤️","Other public comment","No","38w","https://instagram.com/p/DTdAwZ_mBOy/c/17958431223022680/","","2026-10-09T14:36:58.115Z","17958431223022680","https://instagram.com/p/DTdAwZ_mBOy/c/17958431223022680/","https://www.instagram.com/p/DTdAwZ_mBOy/","Every fall teaches. Every doubt shapes belief. The journey isn’t straight, but persistence is what makes history. 10 years of professional anchoring! 🎤 Your Dream Anchor ♥️ . . . .#10years #grateful #anchor #anchoring #anchoring🎤 #emce…","Signed-in Chrome; public post comments","Retained in the full list; not selected as a hosting testimonial."
"Instagram","explore_with_pd","🔥🔥🔥","Reaction","No","12w","https://instagram.com/p/DapSvCgIIWK/c/18417406051199308/","","2026-10-09T14:33:38.807Z","18417406051199308","https://instagram.com/p/DapSvCgIIWK/c/18417406051199308/","https://www.instagram.com/p/DapSvCgIIWK/","Where rituals meet laughter and games create memories. 💛✨ . Event Planned & Executed by - @vogueeventsofficial_ @vishal.rohira_Bride @shloka.chauhanGroom @hridaaychauhan. . (Haldi decor, Haldi ceremony, Haldi vibes, Haldi outfit, turmer…","Signed-in Chrome; public post comments","Retained in the full list; not selected as a testimonial."
"Instagram","explore_with_pd","Cute ✨🥹","Other public comment","No","15w","https://instagram.com/p/DZ7YTQmRw-D/c/18014203859908705/","1","2026-10-09T14:33:56.555Z","18014203859908705","https://instagram.com/p/DZ7YTQmRw-D/c/18014203859908705/","https://www.instagram.com/p/DZ7YTQmRw-D/","Because my favourite person deserves something made with love 💝✨ . . . . . . .#birthday #love #fyp #trip #travel","Signed-in Chrome; public post comments","Retained in the full list; not selected as a hosting testimonial."
"Instagram","f5weddings","♥️♥️","Reaction","No","30w","https://instagram.com/p/DVlVgHMEhV9/c/18174743374384030/","1","2026-10-09T14:35:05.008Z","18174743374384030","https://instagram.com/p/DVlVgHMEhV9/c/18174743374384030/","https://www.instagram.com/p/DVlVgHMEhV9/","You just didn’t win the game but her heart as well! BTS Reel by @wedmebts for @bubblesoflove__👰‍♀️ @richa_agrawal23🤵‍♂️ @minda_vaibhavWedding Planner @f5weddingsAnchor @yourdreamanchor. . . . .#wedding #game #shaadi #fun #moments #reel…","Signed-in Chrome; public post comments","Retained in the full list; not selected as a testimonial."
"Instagram","free_birdie23","Happy Birthday 🎈🎂🎈🎂 to the best smiling girl","Other public comment","No","15w","https://instagram.com/p/DZ7YTQmRw-D/c/17883418296604974/","1","2026-10-09T14:33:56.555Z","17883418296604974","https://instagram.com/p/DZ7YTQmRw-D/c/17883418296604974/","https://www.instagram.com/p/DZ7YTQmRw-D/","Because my favourite person deserves something made with love 💝✨ . . . . . . .#birthday #love #fyp #trip #travel","Signed-in Chrome; public post comments","Retained in the full list; not selected as a hosting testimonial."
"Instagram","gayathri.revankar","😍😍😍🔥🔥🔥🔥","Reaction","No","32w","https://instagram.com/p/DVOhmDjExLr/c/17956415955074265/","","2026-10-09T14:36:34.062Z","17956415955074265","https://instagram.com/p/DVOhmDjExLr/c/17956415955074265/","https://www.instagram.com/p/DVOhmDjExLr/","Strangers turned tribe. Colours turned memories. Holi in the Woods — where we celebrated differently. For online bookings check link in bio. For bookings contact: +91 88618 80561 | +91 81497 42774","Signed-in Chrome; public post comments","Retained in the full list; not selected as a testimonial."
"Instagram","ghar_kanaam_bunty","❤️","Reaction","No","18w","https://instagram.com/p/DZFvyC9NqSU/c/18113042818889589/","1","2026-10-09T14:33:58.590Z","18113042818889589","https://instagram.com/p/DZFvyC9NqSU/c/18113042818889589/","https://www.instagram.com/p/DZFvyC9NqSU/","PoV: Aayi hai woh banke teri dulhaniya 💛 . . . Bride - @purvanergyGroom - @vaibhav_andhereCouple - @vp.wanderlovePlanners - @vogueeventsofficial_Photography - @clickographyAnchor - @yourdreamanchorChoreography and concept - @xtremedance…","Signed-in Chrome; public post comments","Retained in the full list; not selected as a testimonial."
"Instagram","ghar_kanaam_bunty","❤️","Reaction","No","18w","https://instagram.com/p/DZFvyC9NqSU/c/18138881341541203/","1","2026-10-09T14:33:58.590Z","18138881341541203","https://instagram.com/p/DZFvyC9NqSU/c/18138881341541203/","https://www.instagram.com/p/DZFvyC9NqSU/","PoV: Aayi hai woh banke teri dulhaniya 💛 . . . Bride - @purvanergyGroom - @vaibhav_andhereCouple - @vp.wanderlovePlanners - @vogueeventsofficial_Photography - @clickographyAnchor - @yourdreamanchorChoreography and concept - @xtremedance…","Signed-in Chrome; public post comments","Retained in the full list; not selected as a testimonial."
"Instagram","hari_polumuru","🔥🔥🔥","Reaction","No","2026-10-03T10:59:30.000Z","https://instagram.com/p/DeBzehSRgD4/c/18097154636539218/","0","2026-10-09T14:29:10.120Z","18097154636539218","https://instagram.com/p/DeBzehSRgD4/c/18097154636539218/","https://www.instagram.com/p/DeBzehSRgD4/","Haldi, but make it a full-blown celebration! 💛✨ Krisha (@baazigurl ) & Sanket’s (@justpunningaround ) Haldi was all about crazy energy, nonstop dancing and the kind of wedding madness we live for! 🥳💃 Hosted by yours truly at MG Magnus…","Signed-in Chrome; public post comments","Retained in the full list; not selected as a testimonial."
"Instagram","hari_polumuru","👏👏👏","Reaction","No","11w","https://instagram.com/p/Da-zSrdzqld/c/18109940374955082/","2","2026-10-09T14:32:23.859Z","18109940374955082","https://instagram.com/p/Da-zSrdzqld/c/18109940374955082/","https://www.instagram.com/p/Da-zSrdzqld/","🚨 NEW GAME ALERT! 🚨 Comment “List” to get the entire list of 3 words & the movies. Warning: This one is guaranteed to bring out the competitive side of your guests! 😂🔥 Less awkward silence. More laughter. More chaos. More unforgettab…","Signed-in Chrome; public post comments","Retained in the full list; not selected as a testimonial."
"Instagram","hari_polumuru","🔥🔥🔥","Reaction","No","12w","https://instagram.com/p/Da2ycMRmOdr/c/18334073326254556/","","2026-10-09T14:32:25.504Z","18334073326254556","https://instagram.com/p/Da2ycMRmOdr/c/18334073326254556/","https://www.instagram.com/p/Da2ycMRmOdr/","","Signed-in Chrome; public post comments","Retained in the full list; not selected as a testimonial."
"Instagram","hari_polumuru","I knew @yourdreamanchor is rich , but Didn’t know, that he is romantic as well 👏👏👏👏👏","Other public comment","No","15w","https://instagram.com/p/DZ7YTQmRw-D/c/17975325093070851/","2","2026-10-09T14:33:56.555Z","17975325093070851","https://instagram.com/p/DZ7YTQmRw-D/c/17975325093070851/","https://www.instagram.com/p/DZ7YTQmRw-D/","Because my favourite person deserves something made with love 💝✨ . . . . . . .#birthday #love #fyp #trip #travel","Signed-in Chrome; public post comments","Retained in the full list; not selected as a hosting testimonial."
"Instagram","hari_polumuru","😍😍","Reaction","No","23w","https://instagram.com/p/DXlLc0Ik-oV/c/18072435053279124/","1","2026-10-09T14:34:09.302Z","18072435053279124","https://instagram.com/p/DXlLc0Ik-oV/c/18072435053279124/","https://www.instagram.com/p/DXlLc0Ik-oV/","Built on dreams, driven with LOVE ❤️✨ Manifesting Big Dreams Alongside You ✨♥️ . . . . . . . .#newcar #cardelivery #kiaseltos #kia #car","Signed-in Chrome; public post comments","Retained in the full list; not selected as a testimonial."
"Instagram","hari_polumuru","🔥🔥","Reaction","No","27w","https://instagram.com/p/DWcBaABkd6V/c/18152106214460309/","1","2026-10-09T14:34:16.169Z","18152106214460309","https://instagram.com/p/DWcBaABkd6V/c/18152106214460309/","https://www.instagram.com/p/DWcBaABkd6V/","","Signed-in Chrome; public post comments","Retained in the full list; not selected as a testimonial."
"Instagram","hari_polumuru","Wanna know , this was before your wedding or post wedding 🫢🫢","Other public comment","No","31w","https://instagram.com/p/DViIbFxkYnW/c/17948516330965564/","2","2026-10-09T14:35:08.827Z","17948516330965564","https://instagram.com/p/DViIbFxkYnW/c/17948516330965564/","https://www.instagram.com/p/DViIbFxkYnW/","📍 @lacabanaresortFor amoghkatwe & @aishwarya_prabhu wedding✨ . . Shot by - @evarafilms.in ❤️ . .#goa #wedding #haldi #viral #fyp. . . . . . . . . . . . . . . . . . . . . . . . . ( Goa Wedding Mumbai Pune Lonavala Igatpuri Anchor Emcee M…","Signed-in Chrome; public post comments","Retained in the full list; not selected as a hosting testimonial."
"Instagram","hari_polumuru","😂😂👏👏","Reaction","No","36w","https://instagram.com/p/DT5USqOknUA/c/18087552523873737/","","2026-10-09T14:36:53.203Z","18087552523873737","https://instagram.com/p/DT5USqOknUA/c/18087552523873737/","https://www.instagram.com/p/DT5USqOknUA/","Kya lagta hai aapko, SHRIKHAND kaha milta hai??? Play this game at a 2 States Wedding ♥️ . . . Anchor/Emcee- @yourdreamanchorBRIDE - @dhriti.s.patilGROOM- @sahil.s.patilVenue - @thecliffpanchgani. . . . .. . . . . . . .#viral #game #wedd…","Signed-in Chrome; public post comments","Retained in the full list; not selected as a testimonial."
"Instagram","hari_polumuru","I witnessed 🔥🔥🔥👏👏👏","Other public comment","No","38w","https://instagram.com/p/DTdAwZ_mBOy/c/17872582014490540/","2","2026-10-09T14:36:58.115Z","17872582014490540","https://instagram.com/p/DTdAwZ_mBOy/c/17872582014490540/","https://www.instagram.com/p/DTdAwZ_mBOy/","Every fall teaches. Every doubt shapes belief. The journey isn’t straight, but persistence is what makes history. 10 years of professional anchoring! 🎤 Your Dream Anchor ♥️ . . . .#10years #grateful #anchor #anchoring #anchoring🎤 #emce…","Signed-in Chrome; public post comments","Retained in the full list; not selected as a hosting testimonial."
"Instagram","harish_govankop","Congratulations 🙌🔥","Other public comment","No","23w","https://instagram.com/p/DXlLc0Ik-oV/c/17883776019541946/","1","2026-10-09T14:34:09.302Z","17883776019541946","https://instagram.com/p/DXlLc0Ik-oV/c/17883776019541946/","https://www.instagram.com/p/DXlLc0Ik-oV/","Built on dreams, driven with LOVE ❤️✨ Manifesting Big Dreams Alongside You ✨♥️ . . . . . . . .#newcar #cardelivery #kiaseltos #kia #car","Signed-in Chrome; public post comments","Retained in the full list; not selected as a hosting testimonial."
"Instagram","harish_govankop","Congratulations Akshay bhai @yourdreamanchor 🙌🔥🔥","Other public comment","No","24w","https://instagram.com/p/DXWObTEEc-h/c/18100273912794133/","1","2026-10-09T14:34:12.978Z","18100273912794133","https://instagram.com/p/DXWObTEEc-h/c/18100273912794133/","https://www.instagram.com/p/DXWObTEEc-h/","Wife said Kia, I agreed ♥️🧿 Kia Seltos, straight from heart 💝✨ . . . . . .#newcar #kia #seltos #couple #love","Signed-in Chrome; public post comments","Retained in the full list; not selected as a hosting testimonial."
"Instagram","harish_govankop","🔥🔥","Reaction","No","32w","https://instagram.com/p/DVOhmDjExLr/c/18093242795064468/","","2026-10-09T14:36:34.062Z","18093242795064468","https://instagram.com/p/DVOhmDjExLr/c/18093242795064468/","https://www.instagram.com/p/DVOhmDjExLr/","Strangers turned tribe. Colours turned memories. Holi in the Woods — where we celebrated differently. For online bookings check link in bio. For bookings contact: +91 88618 80561 | +91 81497 42774","Signed-in Chrome; public post comments","Retained in the full list; not selected as a testimonial."
"Instagram","harshild86","Location","Question or request","No","12w","https://instagram.com/p/DaIaQvCxEGW/c/18104164153960403/","1","2026-10-09T14:33:54.605Z","18104164153960403","https://instagram.com/p/DaIaQvCxEGW/c/18104164153960403/","https://www.instagram.com/p/DaIaQvCxEGW/","Imagine Waking Up To This View ✨🤌🏼 . . . . . . . . . . . . . .#trip #love #travel #staycation #resort","Signed-in Chrome; public post comments","Retained in the full list; not selected as a testimonial."
"Instagram","harshita_chandrappa","Location","Question or request","No","12w","https://instagram.com/p/DaIaQvCxEGW/c/18074507144703501/","2","2026-10-09T14:33:54.605Z","18074507144703501","https://instagram.com/p/DaIaQvCxEGW/c/18074507144703501/","https://www.instagram.com/p/DaIaQvCxEGW/","Imagine Waking Up To This View ✨🤌🏼 . . . . . . . . . . . . . .#trip #love #travel #staycation #resort","Signed-in Chrome; public post comments","Retained in the full list; not selected as a testimonial."
"Instagram","i_rajatmishra","❤️❤️❤️❤️","Reaction","No","18w","https://instagram.com/p/DZFvyC9NqSU/c/18132151090585756/","1","2026-10-09T14:33:58.590Z","18132151090585756","https://instagram.com/p/DZFvyC9NqSU/c/18132151090585756/","https://www.instagram.com/p/DZFvyC9NqSU/","PoV: Aayi hai woh banke teri dulhaniya 💛 . . . Bride - @purvanergyGroom - @vaibhav_andhereCouple - @vp.wanderlovePlanners - @vogueeventsofficial_Photography - @clickographyAnchor - @yourdreamanchorChoreography and concept - @xtremedance…","Signed-in Chrome; public post comments","Retained in the full list; not selected as a testimonial."
"Instagram","i_rajatmishra","These Boys are 🔥🔥🔥🔥🔥🔥","Other public comment","No","23w","https://instagram.com/p/DXuEysFCFVx/c/17917928106353930/","2","2026-10-09T14:34:05.768Z","17917928106353930","https://instagram.com/p/DXuEysFCFVx/c/17917928106353930/","https://www.instagram.com/p/DXuEysFCFVx/","The boys knew the assignment! 🔥 . . . Bride - @purvanergyGroom - @vaibhav_andhereCouple - @vp.wanderloveAnchor - @yourdreamanchorPlanners - @vogueeventsofficial_Photography - @clickographyChoreography - @xtremedancecompany. . [Bride, Gr…","Signed-in Chrome; public post comments","Retained in the full list; not selected as a hosting testimonial."
"Instagram","iamaanyasharma","❤️❤️❤️❤️","Reaction","No","35w","https://instagram.com/p/DUJKxWJgAmm/c/17842057689689989/","3","2026-10-09T14:36:48.137Z","17842057689689989","https://instagram.com/p/DUJKxWJgAmm/c/17842057689689989/","https://www.instagram.com/p/DUJKxWJgAmm/","","Signed-in Chrome; public post comments","Retained in the full list; not selected as a testimonial."
"Instagram","imroshnee","😍😍","Reaction","No","36w","https://instagram.com/p/DT5USqOknUA/c/17976888620987677/","","2026-10-09T14:36:53.203Z","17976888620987677","https://instagram.com/p/DT5USqOknUA/c/17976888620987677/","https://www.instagram.com/p/DT5USqOknUA/","Kya lagta hai aapko, SHRIKHAND kaha milta hai??? Play this game at a 2 States Wedding ♥️ . . . Anchor/Emcee- @yourdreamanchorBRIDE - @dhriti.s.patilGROOM- @sahil.s.patilVenue - @thecliffpanchgani. . . . .. . . . . . . .#viral #game #wedd…","Signed-in Chrome; public post comments","Retained in the full list; not selected as a testimonial."
"Instagram","imsumantwelling5","@yourdreamanchor 💫💫💫🥂💐","Other public comment","No","28w","https://instagram.com/p/DWHBwMbBkNZ/c/18101711557928447/","1","2026-10-09T14:34:57.759Z","18101711557928447","https://instagram.com/p/DWHBwMbBkNZ/c/18101711557928447/","https://www.instagram.com/p/DWHBwMbBkNZ/","Try This New Game with all your loved ones at your Wedding Haldi or Carnival ✨🎉♥️ . . . . . 📍 @anantarajaipur @tajcidadedegoaEvent Planners at Anantara Jaipur (@weddingkalakaar ) Event Planners at Taj Cidade De Goa(@simplyprettyplanner…","Signed-in Chrome; public post comments","Retained in the full list; not selected as a hosting testimonial."
"Instagram","ipalakr","❤️🙌","Reaction","No","35w","https://instagram.com/p/DUM5U0uEWQx/c/18091089731058117/","","2026-10-09T14:36:46.324Z","18091089731058117","https://instagram.com/p/DUM5U0uEWQx/c/18091089731058117/","https://www.instagram.com/p/DUM5U0uEWQx/","One with the cutest celebrity ( @aadushaaa ) I met at Aastha & Samarth’s Wedding in Solan, Himachal Pradesh. ✨🎊@oye_nonu & @mansi.sharma.mn you guys are the best🎉 . . . . . . . . . . . . . . . . . . . . . . .#nitsiyatv #nitsiyatvistheb…","Signed-in Chrome; public post comments","Retained in the full list; not selected as a testimonial."
"Instagram","itsdipenmehta","😂😂","Reaction","No","31w","https://instagram.com/p/DVTuyDzEisu/c/18112806826585300/","1","2026-10-09T14:35:10.413Z","18112806826585300","https://instagram.com/p/DVTuyDzEisu/c/18112806826585300/","https://www.instagram.com/p/DVTuyDzEisu/","Wait for the end 😂😂😂 . . Bride- @janhavinagwekarGroom- @itsdipenmehtaVenue- @thefernresortganpatipule. .#fypppppppppppppppppppppppppppppppppppppppppppppppppppppppppppppppppppppp #viral #haldi #wedding #anchor. . . . . . . . . The audi…","Signed-in Chrome; public post comments","Retained in the full list; not selected as a testimonial."
"Instagram","jaanhavisangolkarr","This is so special! Happy Birthday Vaishnavi ❤️","Other public comment","No","15w","https://instagram.com/p/DZ7YTQmRw-D/c/17907042534428922/","1","2026-10-09T14:33:56.555Z","17907042534428922","https://instagram.com/p/DZ7YTQmRw-D/c/17907042534428922/","https://www.instagram.com/p/DZ7YTQmRw-D/","Because my favourite person deserves something made with love 💝✨ . . . . . . .#birthday #love #fyp #trip #travel","Signed-in Chrome; public post comments","Retained in the full list; not selected as a hosting testimonial."
"Instagram","jaanhavisangolkarr","🔥🔥","Reaction","No","33w","https://instagram.com/p/DU09GWBEuYN/c/18142574104472625/","","2026-10-09T14:36:37.521Z","18142574104472625","https://instagram.com/p/DU09GWBEuYN/c/18142574104472625/","https://www.instagram.com/p/DU09GWBEuYN/","","Signed-in Chrome; public post comments","Retained in the full list; not selected as a testimonial."
"Instagram","janhavinagwekar","Lol!🤣😝","Other public comment","No","31w","https://instagram.com/p/DVTuyDzEisu/c/18170279518395871/","1","2026-10-09T14:35:10.413Z","18170279518395871","https://instagram.com/p/DVTuyDzEisu/c/18170279518395871/","https://www.instagram.com/p/DVTuyDzEisu/","Wait for the end 😂😂😂 . . Bride- @janhavinagwekarGroom- @itsdipenmehtaVenue- @thefernresortganpatipule. .#fypppppppppppppppppppppppppppppppppppppppppppppppppppppppppppppppppppppp #viral #haldi #wedding #anchor. . . . . . . . . The audi…","Signed-in Chrome; public post comments","Retained in the full list; not selected as a hosting testimonial."
"Instagram","josh_vaishnavi","😍😍😍","Reaction","No","11w","https://instagram.com/p/DbD0IuzmI6d/c/18327503944284782/","","2026-10-09T14:32:22.162Z","18327503944284782","https://instagram.com/p/DbD0IuzmI6d/c/18327503944284782/","https://www.instagram.com/p/DbD0IuzmI6d/","From heartfelt moments to endless celebrations, it was an absolute privilege to host Siddharth (@siddharth_bhadri )& Aanchal’s ( @aanchal.verma_05 ) wedding at the picturesque Windflower Resort, Goa. @windflowergoa ♥️💝 A celebration mad…","Signed-in Chrome; public post comments","Retained in the full list; not selected as a testimonial."
"Instagram","josh_vaishnavi","❤️❤️","Reaction","No","11w","https://instagram.com/p/Da-zSrdzqld/c/18083112440654710/","2","2026-10-09T14:32:23.859Z","18083112440654710","https://instagram.com/p/Da-zSrdzqld/c/18083112440654710/","https://www.instagram.com/p/Da-zSrdzqld/","🚨 NEW GAME ALERT! 🚨 Comment “List” to get the entire list of 3 words & the movies. Warning: This one is guaranteed to bring out the competitive side of your guests! 😂🔥 Less awkward silence. More laughter. More chaos. More unforgettab…","Signed-in Chrome; public post comments","Retained in the full list; not selected as a testimonial."
"Instagram","josh_vaishnavi","😍😍","Reaction","No","12w","https://instagram.com/p/Da2ycMRmOdr/c/18122916646802750/","","2026-10-09T14:32:25.504Z","18122916646802750","https://instagram.com/p/Da2ycMRmOdr/c/18122916646802750/","https://www.instagram.com/p/Da2ycMRmOdr/","","Signed-in Chrome; public post comments","Retained in the full list; not selected as a testimonial."
"Instagram","josh_vaishnavi","","Reaction","No","12w","https://instagram.com/p/Da2ycMRmOdr/c/17943186729049029/","","2026-10-09T14:32:25.504Z","17943186729049029","https://instagram.com/p/Da2ycMRmOdr/c/17943186729049029/","https://www.instagram.com/p/Da2ycMRmOdr/","","Signed-in Chrome; public post comments","Retained in the full list; not selected as a testimonial."
"Instagram","josh_vaishnavi","😍😍😍","Reaction","No","12w","https://instagram.com/p/DapSvCgIIWK/c/18066601295470850/","","2026-10-09T14:33:38.807Z","18066601295470850","https://instagram.com/p/DapSvCgIIWK/c/18066601295470850/","https://www.instagram.com/p/DapSvCgIIWK/","Where rituals meet laughter and games create memories. 💛✨ . Event Planned & Executed by - @vogueeventsofficial_ @vishal.rohira_Bride @shloka.chauhanGroom @hridaaychauhan. . (Haldi decor, Haldi ceremony, Haldi vibes, Haldi outfit, turmer…","Signed-in Chrome; public post comments","Retained in the full list; not selected as a testimonial."
"Instagram","josh_vaishnavi","😍😍😍","Reaction","No","12w","https://instagram.com/p/DapOsuVRuuS/c/17988095192834812/","","2026-10-09T14:33:40.878Z","17988095192834812","https://instagram.com/p/DapOsuVRuuS/c/17988095192834812/","https://www.instagram.com/p/DapOsuVRuuS/","Another destination wedding. Another unforgettable celebration. ✨ . . . Groom- @rishabhrathi9Bride- @adorbubblesEvent by - @knotncelebrateVenue- @lemeridienhotels 📍 Dehradun . . .#dehradun #uttarakhand #wedding #anchor #fyp","Signed-in Chrome; public post comments","Retained in the full list; not selected as a testimonial."
"Instagram","josh_vaishnavi","😍😍🔥🔥","Reaction","No","28w","https://instagram.com/p/DWVerFgmKt5/c/18131724634528749/","","2026-10-09T14:34:53.892Z","18131724634528749","https://instagram.com/p/DWVerFgmKt5/c/18131724634528749/","https://www.instagram.com/p/DWVerFgmKt5/","Give me a mic, and I’ll give you a time to remember 🔥 . . . Bride- @rupalilekhiGroom- @nm.m1604Venue - @goldenamoonresortandspaEvent by - @redcarpet.theweddingloungePhotography by- @ties_and_bonds. . . .#bangalore #bengaluru #anchor #em…","Signed-in Chrome; public post comments","Retained in the full list; not selected as a testimonial."
"Instagram","josh_vaishnavi","Good one 🔥❤️","Other public comment","No","29w","https://instagram.com/p/DWHBwMbBkNZ/c/18098709079979256/","1","2026-10-09T14:34:57.759Z","18098709079979256","https://instagram.com/p/DWHBwMbBkNZ/c/18098709079979256/","https://www.instagram.com/p/DWHBwMbBkNZ/","Try This New Game with all your loved ones at your Wedding Haldi or Carnival ✨🎉♥️ . . . . . 📍 @anantarajaipur @tajcidadedegoaEvent Planners at Anantara Jaipur (@weddingkalakaar ) Event Planners at Taj Cidade De Goa(@simplyprettyplanner…","Signed-in Chrome; public post comments","Retained in the full list; not selected as a hosting testimonial."
"Instagram","josh_vaishnavi","😍😍😍","Reaction","No","29w","https://instagram.com/p/DV_f7-JEVZL/c/18312581197283239/","3","2026-10-09T14:35:01.988Z","18312581197283239","https://instagram.com/p/DV_f7-JEVZL/c/18312581197283239/","https://www.instagram.com/p/DV_f7-JEVZL/","It’s written in the stars ✨ Anurag ❤️ Devika, a match made in heaven.♥️ . . . . Couple- @its_devikanurag ♥️ Bride- @the_devika ✨ Groom- @anuraggk ✨ Choreography- @xtremedancecompany @i_rajatmishra @sanjanajaiswal128 ✨ Venue- @anantarajai…","Signed-in Chrome; public post comments","Retained in the full list; not selected as a testimonial."
"Instagram","josh_vaishnavi","Crazy 🔥🔥","Other public comment","No","32w","https://instagram.com/p/DVQ0EDnkrB4/c/18382860184154035/","3","2026-10-09T14:36:32.443Z","18382860184154035","https://instagram.com/p/DVQ0EDnkrB4/c/18382860184154035/","https://www.instagram.com/p/DVQ0EDnkrB4/","New Game Alert 🚨 ‼️ 🔔 Get the Coloured Prop mentioned in the Bollywood Song.#yourdreamanchor #art #explore #viral #game. . . . . . [ Bollywood, Crazy Fun, Shadi Vibes, Funny, Comedy, Engaging, fun times, Anchor for weddings, Wedding An…","Signed-in Chrome; public post comments","Retained in the full list; not selected as a hosting testimonial."
"Instagram","josh_vaishnavi","🔥🔥🔥","Reaction","No","32w","https://instagram.com/p/DVQ0EDnkrB4/c/18310013059272759/","1","2026-10-09T14:36:32.443Z","18310013059272759","https://instagram.com/p/DVQ0EDnkrB4/c/18310013059272759/","https://www.instagram.com/p/DVQ0EDnkrB4/","New Game Alert 🚨 ‼️ 🔔 Get the Coloured Prop mentioned in the Bollywood Song.#yourdreamanchor #art #explore #viral #game. . . . . . [ Bollywood, Crazy Fun, Shadi Vibes, Funny, Comedy, Engaging, fun times, Anchor for weddings, Wedding An…","Signed-in Chrome; public post comments","Retained in the full list; not selected as a testimonial."
"Instagram","josh_vaishnavi","🔥🔥","Reaction","No","32w","https://instagram.com/p/DVOhmDjExLr/c/17873132415545909/","1","2026-10-09T14:36:34.062Z","17873132415545909","https://instagram.com/p/DVOhmDjExLr/c/17873132415545909/","https://www.instagram.com/p/DVOhmDjExLr/","Strangers turned tribe. Colours turned memories. Holi in the Woods — where we celebrated differently. For online bookings check link in bio. For bookings contact: +91 88618 80561 | +91 81497 42774","Signed-in Chrome; public post comments","Retained in the full list; not selected as a testimonial."
"Instagram","josh_vaishnavi","🔥🔥","Reaction","No","32w","https://instagram.com/p/DU_As5qErhY/c/18125016427560617/","","2026-10-09T14:36:35.849Z","18125016427560617","https://instagram.com/p/DU_As5qErhY/c/18125016427560617/","https://www.instagram.com/p/DU_As5qErhY/","Colourful Haldi for the Beautiful Couple ♥️🧡💛 . . Groom- @krish_israni1Bride - @mitali_israniVenue- @radissonblu.faridabad. . . . . .#wedding #haldi #anchor #fyp #explore. . . . . . . . . The audio belongs to the respective owner, no c…","Signed-in Chrome; public post comments","Retained in the full list; not selected as a testimonial."
"Instagram","josh_vaishnavi","❤️","Reaction","No","33w","https://instagram.com/p/DU09GWBEuYN/c/17863042203594346/","1","2026-10-09T14:36:37.521Z","17863042203594346","https://instagram.com/p/DU09GWBEuYN/c/17863042203594346/","https://www.instagram.com/p/DU09GWBEuYN/","","Signed-in Chrome; public post comments","Retained in the full list; not selected as a testimonial."
"Instagram","josh_vaishnavi","🔥🔥🔥","Reaction","No","33w","https://instagram.com/p/DUvfp3KEsuM/c/18070722242448197/","","2026-10-09T14:36:39.182Z","18070722242448197","https://instagram.com/p/DUvfp3KEsuM/c/18070722242448197/","https://www.instagram.com/p/DUvfp3KEsuM/","With the legends of Music ✨♥️ . . . .@kabulbukhari @sumitsainimusic @lakhbir_singh_lakha_official ♥️ . .#anchor #emcee #qawali #mc #host","Signed-in Chrome; public post comments","Retained in the full list; not selected as a testimonial."
"Instagram","josh_vaishnavi","😍🔥","Reaction","No","33w","https://instagram.com/p/DUui6Hrkl73/c/18085909733335800/","","2026-10-09T14:36:40.456Z","18085909733335800","https://instagram.com/p/DUui6Hrkl73/c/18085909733335800/","https://www.instagram.com/p/DUui6Hrkl73/","@shreusriya @riyalotlikarHaldi by the sunshine, Sangeet under the Goan stars 💛🌴 Shreus & Riya turned Nanu Beach Resort,Goa into a lovely celebration of love, laughter & limitless dance 💃 🕺 🪩 . . . Event by- @theperfectknot_Venue- @n…","Signed-in Chrome; public post comments","Retained in the full list; not selected as a testimonial."
"Instagram","josh_vaishnavi","🔥🔥😍😍","Reaction","No","34w","https://instagram.com/p/DUkSvu0kUh0/c/17987443574941677/","1","2026-10-09T14:36:43.396Z","17987443574941677","https://instagram.com/p/DUkSvu0kUh0/c/17987443574941677/","https://www.instagram.com/p/DUkSvu0kUh0/","Purple velvet, sharp intentions, and guaranteed good vibes with #yourdreamanchor. . 📍 @hyattregencyjaipurmansarovar. . . .#hyatt #jaipur #rajasthan #anchor","Signed-in Chrome; public post comments","Retained in the full list; not selected as a testimonial."
"Instagram","josh_vaishnavi","😍🔥","Reaction","No","36w","https://instagram.com/p/DT5USqOknUA/c/18109411843630579/","","2026-10-09T14:36:53.203Z","18109411843630579","https://instagram.com/p/DT5USqOknUA/c/18109411843630579/","https://www.instagram.com/p/DT5USqOknUA/","Kya lagta hai aapko, SHRIKHAND kaha milta hai??? Play this game at a 2 States Wedding ♥️ . . . Anchor/Emcee- @yourdreamanchorBRIDE - @dhriti.s.patilGROOM- @sahil.s.patilVenue - @thecliffpanchgani. . . . .. . . . . . . .#viral #game #wedd…","Signed-in Chrome; public post comments","Retained in the full list; not selected as a testimonial."
"Instagram","josh_vaishnavi","😍😍😍","Reaction","No","38w","https://instagram.com/p/DTYQjWyktKj/c/18108484039661307/","1","2026-10-09T14:36:59.941Z","18108484039661307","https://instagram.com/p/DTYQjWyktKj/c/18108484039661307/","https://www.instagram.com/p/DTYQjWyktKj/","When Haldi turns into a Bollywood battlefield 🎬💛 Ladke wale vs Ladki wale in a super fun movie game! Non-stop laughs, loud cheers & crazy energy. Loved the vibe created by @yourdreamanchor","Signed-in Chrome; public post comments","Retained in the full list; not selected as a testimonial."
"Instagram","josh_vaishnavi","❤️😍🙌🔥","Reaction","No","38w","https://instagram.com/p/DTVrrtZko90/c/18103591777701729/","1","2026-10-09T14:37:01.853Z","18103591777701729","https://instagram.com/p/DTVrrtZko90/c/18103591777701729/","https://www.instagram.com/p/DTVrrtZko90/","@rupaliandnaman ♥️ Big beats. Bigger smiles. Biggest vibe. 🎡✨ Naman ( @nm.m1604 ) & Rupali’s ( @rupalilekhi ) carnival hosted by ( @yourdreamanchor ) at Golden Amoon Resort, Bengaluru( @goldenamoonresortandspa )shot by @ties_and_bonds ♥…","Signed-in Chrome; public post comments","Retained in the full list; not selected as a testimonial."
"Instagram","josh_vaishnavi","😍❤️","Reaction","No","39w","https://instagram.com/p/DTNpIg_mJf1/c/18322162327220696/","","2026-10-09T14:37:02.970Z","18322162327220696","https://instagram.com/p/DTNpIg_mJf1/c/18322162327220696/","https://www.instagram.com/p/DTNpIg_mJf1/","An evening of rhythm, romance, and endless celebrations for Vasudha ( @vasudha_singla ) & Ojas at their magical sangeet at Botanix Resort, Sohna ( @botanixnatureresort )✨💃🕺 . . . . . . . . . . . . . .#sangeet #sangeetdance #sangeetoutf…","Signed-in Chrome; public post comments","Retained in the full list; not selected as a testimonial."
"Instagram","joshi_vedraj","🔥🔥🔥","Reaction","No","28w","https://instagram.com/p/DWGqxk8EZda/c/17994742871927699/","1","2026-10-09T14:34:59.698Z","17994742871927699","https://instagram.com/p/DWGqxk8EZda/c/17994742871927699/","https://www.instagram.com/p/DWGqxk8EZda/","Try this new game at your Wedding Haldi or Carnival 🎡♥️✨ . .@simplyprettyplanners @weddingkalakaar@tajcidadedegoa @anantarajaipur@thesocial_wedding @ankushh.4 @reeltales_. . .#fyp #viral #reels #game #wedding. . . . . No copyright infri…","Signed-in Chrome; public post comments","Retained in the full list; not selected as a testimonial."
"Instagram","joshi_vedraj","🤣🤣🤣","Reaction","No","31w","https://instagram.com/p/DViIbFxkYnW/c/17846176221676034/","1","2026-10-09T14:35:08.827Z","17846176221676034","https://instagram.com/p/DViIbFxkYnW/c/17846176221676034/","https://www.instagram.com/p/DViIbFxkYnW/","📍 @lacabanaresortFor amoghkatwe & @aishwarya_prabhu wedding✨ . . Shot by - @evarafilms.in ❤️ . .#goa #wedding #haldi #viral #fyp. . . . . . . . . . . . . . . . . . . . . . . . . ( Goa Wedding Mumbai Pune Lonavala Igatpuri Anchor Emcee M…","Signed-in Chrome; public post comments","Retained in the full list; not selected as a testimonial."
"Instagram","kanwaljeet2215","❤️❤️","Reaction","No","32w","https://instagram.com/p/DU_As5qErhY/c/18362403223163075/","","2026-10-09T14:36:35.849Z","18362403223163075","https://instagram.com/p/DU_As5qErhY/c/18362403223163075/","https://www.instagram.com/p/DU_As5qErhY/","Colourful Haldi for the Beautiful Couple ♥️🧡💛 . . Groom- @krish_israni1Bride - @mitali_israniVenue- @radissonblu.faridabad. . . . . .#wedding #haldi #anchor #fyp #explore. . . . . . . . . The audio belongs to the respective owner, no c…","Signed-in Chrome; public post comments","Retained in the full list; not selected as a testimonial."
"Instagram","kanwaljeet2215","❤️❤️","Reaction","No","36w","https://instagram.com/p/DUC5SHVDbkOV1C-SRgzL5tru_u27IRc_C0Sr4E0/c/18083942975176785/","","2026-10-09T14:36:49.759Z","18083942975176785","https://instagram.com/p/DUC5SHVDbkOV1C-SRgzL5tru_u27IRc_C0Sr4E0/c/18083942975176785/","https://www.instagram.com/p/DUC5SHVDbkOV1C-SRgzL5tru_u27IRc_C0Sr4E0/","","Signed-in Chrome; public post comments","Retained in the full list; not selected as a testimonial."
"Instagram","kanwaljeet2215","❤️❤️","Reaction","No","38w","https://instagram.com/p/DTYQjWyktKj/c/17869954980432016/","1","2026-10-09T14:36:59.941Z","17869954980432016","https://instagram.com/p/DTYQjWyktKj/c/17869954980432016/","https://www.instagram.com/p/DTYQjWyktKj/","When Haldi turns into a Bollywood battlefield 🎬💛 Ladke wale vs Ladki wale in a super fun movie game! Non-stop laughs, loud cheers & crazy energy. Loved the vibe created by @yourdreamanchor","Signed-in Chrome; public post comments","Retained in the full list; not selected as a testimonial."
"Instagram","khakurdikarvandana","❤️ next time will come prepared with this game","Other public comment","No","2024-12-10T04:27:31.000Z","https://www.instagram.com/reel/DCy1D-3o_Kf/","1","2026-10-08T14:27:23.000Z","17937148022825488","https://www.instagram.com/reel/DCy1D-3o_Kf/","https://www.instagram.com/reel/DCy1D-3o_Kf/","New Game Alert! 🚨 🔔 ‼️ 
Guess the Bollywood movies by their English translation! 
.
.
.
.
.
Bride- @sphoortify 
Groom- @adi_11_sharma 
Event by - @six_sigma_weddings 
Venue- @shoonyafarmretreat 
Photography- @prajwal_danashetty 
.
.
.
…","Saved public Instagram metadata; not freshly verified","Retained in the full list; not selected as a hosting testimonial."
"Instagram","khushwantparihar","🔥🔥🔥","Reaction","No","2026-10-06T12:45:36.000Z","https://instagram.com/p/DeKEPSoRU0I/c/18073922561566708/","0","2026-10-09T14:28:29.904Z","18073922561566708","https://instagram.com/p/DeKEPSoRU0I/c/18073922561566708/","https://www.instagram.com/p/DeKEPSoRU0I/","@nainarupchandani & @hari_polumuru ‘s happily ever after ♥️💝 beautifully shot by @evarafilms.in @explore_with_pd 😍♥️ . . Bride - @nainarupchandaniGroom- @hari_polumuruVenue- @shoonyafarmretreatPhotography 📸 - @evarafilms.in. . . . . .…","Signed-in Chrome; public post comments","Retained in the full list; not selected as a testimonial."
"Instagram","kraftors_clothing","Fit check? ✅ We’ve got Bandis & more — Ready-to-Wear and custom!
✨ Walk in or DM to shop now.
#KraftorsMen","Question or request","No","2025-05-23T12:19:06.000Z","https://www.instagram.com/reel/C7ZxSazKZmH/","0","2026-10-08T14:27:35.000Z","18055184975353270","https://www.instagram.com/reel/C7ZxSazKZmH/","https://www.instagram.com/reel/C7ZxSazKZmH/","Fastest Finger First 🚨🚨🚨
.
.
.
Bride - @nehaupase96 
Groom- @vineeth.br10 
Venue - @mirayagreens_official 
Video by - @josh_vaishnavi 
Game Curated & Executed by - @akshayguitarbajanewala 
.
.
.
.
.
.
[ Bangalore weddings wedding shad…","Saved public Instagram metadata; not freshly verified","Retained in the full list; not selected as a testimonial."
"Instagram","laxmipriyapatil","🔥🔥 Congratulations on completing a Decade 🥳","Other public comment","No","38w","https://instagram.com/p/DTdAwZ_mBOy/c/18088503560105535/","","2026-10-09T14:36:58.115Z","18088503560105535","https://instagram.com/p/DTdAwZ_mBOy/c/18088503560105535/","https://www.instagram.com/p/DTdAwZ_mBOy/","Every fall teaches. Every doubt shapes belief. The journey isn’t straight, but persistence is what makes history. 10 years of professional anchoring! 🎤 Your Dream Anchor ♥️ . . . .#10years #grateful #anchor #anchoring #anchoring🎤 #emce…","Signed-in Chrome; public post comments","Retained in the full list; not selected as a hosting testimonial."
"Instagram","leena_rupchandani","Happy birthday dear Vaishnavi 🎂🎂Matarani bless her🥰","Other public comment","No","15w","https://instagram.com/p/DZ7YTQmRw-D/c/18584726398020613/","1","2026-10-09T14:33:56.555Z","18584726398020613","https://instagram.com/p/DZ7YTQmRw-D/c/18584726398020613/","https://www.instagram.com/p/DZ7YTQmRw-D/","Because my favourite person deserves something made with love 💝✨ . . . . . . .#birthday #love #fyp #trip #travel","Signed-in Chrome; public post comments","Retained in the full list; not selected as a hosting testimonial."
"Instagram","levelupwithhiral","Are they siblings?😂","Question or request","No","22w","https://instagram.com/p/DV_f7-JEVZL/c/18120924934711793/","","2026-10-09T14:35:01.988Z","18120924934711793","https://instagram.com/p/DV_f7-JEVZL/c/18120924934711793/","https://www.instagram.com/p/DV_f7-JEVZL/","It’s written in the stars ✨ Anurag ❤️ Devika, a match made in heaven.♥️ . . . . Couple- @its_devikanurag ♥️ Bride- @the_devika ✨ Groom- @anuraggk ✨ Choreography- @xtremedancecompany @i_rajatmishra @sanjanajaiswal128 ✨ Venue- @anantarajai…","Signed-in Chrome; public post comments","Retained in the full list; not selected as a testimonial."
"Instagram","life_pages_of_sravi","Location","Question or request","No","12w","https://instagram.com/p/DaIaQvCxEGW/c/18109581013972314/","1","2026-10-09T14:33:54.605Z","18109581013972314","https://instagram.com/p/DaIaQvCxEGW/c/18109581013972314/","https://www.instagram.com/p/DaIaQvCxEGW/","Imagine Waking Up To This View ✨🤌🏼 . . . . . . . . . . . . . .#trip #love #travel #staycation #resort","Signed-in Chrome; public post comments","Retained in the full list; not selected as a testimonial."
"Instagram","lokhandemanasvi","❤️","Reaction","No","35w","https://instagram.com/p/DUJKxWJgAmm/c/18093942124961869/","4","2026-10-09T14:36:48.137Z","18093942124961869","https://instagram.com/p/DUJKxWJgAmm/c/18093942124961869/","https://www.instagram.com/p/DUJKxWJgAmm/","","Signed-in Chrome; public post comments","Retained in the full list; not selected as a testimonial."
"Instagram","maanissh12","","Reaction","No","31w","https://instagram.com/p/DViIbFxkYnW/c/18314821306252144/","1","2026-10-09T14:35:08.827Z","18314821306252144","https://instagram.com/p/DViIbFxkYnW/c/18314821306252144/","https://www.instagram.com/p/DViIbFxkYnW/","📍 @lacabanaresortFor amoghkatwe & @aishwarya_prabhu wedding✨ . . Shot by - @evarafilms.in ❤️ . .#goa #wedding #haldi #viral #fyp. . . . . . . . . . . . . . . . . . . . . . . . . ( Goa Wedding Mumbai Pune Lonavala Igatpuri Anchor Emcee M…","Signed-in Chrome; public post comments","Retained in the full list; not selected as a testimonial."
"Instagram","mall_aishwarya","❤️❤️❤️❤️❤️❤️❤️","Reaction","No","35w","https://instagram.com/p/DUJKxWJgAmm/c/18086275229175199/","4","2026-10-09T14:36:48.137Z","18086275229175199","https://instagram.com/p/DUJKxWJgAmm/c/18086275229175199/","https://www.instagram.com/p/DUJKxWJgAmm/","","Signed-in Chrome; public post comments","Retained in the full list; not selected as a testimonial."
"Instagram","manohara_manu","Colorful 🔥","Other public comment","No","32w","https://instagram.com/p/DVQ0EDnkrB4/c/17925728274234117/","1","2026-10-09T14:36:32.443Z","17925728274234117","https://instagram.com/p/DVQ0EDnkrB4/c/17925728274234117/","https://www.instagram.com/p/DVQ0EDnkrB4/","New Game Alert 🚨 ‼️ 🔔 Get the Coloured Prop mentioned in the Bollywood Song.#yourdreamanchor #art #explore #viral #game. . . . . . [ Bollywood, Crazy Fun, Shadi Vibes, Funny, Comedy, Engaging, fun times, Anchor for weddings, Wedding An…","Signed-in Chrome; public post comments","Retained in the full list; not selected as a hosting testimonial."
"Instagram","masalachai_t","","Reaction","No","35w","https://instagram.com/p/DUJKxWJgAmm/c/17991863954872450/","3","2026-10-09T14:36:48.137Z","17991863954872450","https://instagram.com/p/DUJKxWJgAmm/c/17991863954872450/","https://www.instagram.com/p/DUJKxWJgAmm/","","Signed-in Chrome; public post comments","Retained in the full list; not selected as a testimonial."
"Instagram","masum.ag_","😂","Reaction","No","30w","https://instagram.com/p/DVlVgHMEhV9/c/18088858880516549/","","2026-10-09T14:35:05.008Z","18088858880516549","https://instagram.com/p/DVlVgHMEhV9/c/18088858880516549/","https://www.instagram.com/p/DVlVgHMEhV9/","You just didn’t win the game but her heart as well! BTS Reel by @wedmebts for @bubblesoflove__👰‍♀️ @richa_agrawal23🤵‍♂️ @minda_vaibhavWedding Planner @f5weddingsAnchor @yourdreamanchor. . . . .#wedding #game #shaadi #fun #moments #reel…","Signed-in Chrome; public post comments","Retained in the full list; not selected as a testimonial."
"Instagram","meenashah3010","😍 mast","Other public comment","No","36w","https://instagram.com/p/DT5USqOknUA/c/18107450443736775/","","2026-10-09T14:36:53.203Z","18107450443736775","https://instagram.com/p/DT5USqOknUA/c/18107450443736775/","https://www.instagram.com/p/DT5USqOknUA/","Kya lagta hai aapko, SHRIKHAND kaha milta hai??? Play this game at a 2 States Wedding ♥️ . . . Anchor/Emcee- @yourdreamanchorBRIDE - @dhriti.s.patilGROOM- @sahil.s.patilVenue - @thecliffpanchgani. . . . .. . . . . . . .#viral #game #wedd…","Signed-in Chrome; public post comments","Retained in the full list; not selected as a hosting testimonial."
"Instagram","melwinmusic","Love this 😍😍","Other public comment","No","28w","https://instagram.com/p/DWHBwMbBkNZ/c/18128921968488059/","2","2026-10-09T14:34:57.759Z","18128921968488059","https://instagram.com/p/DWHBwMbBkNZ/c/18128921968488059/","https://www.instagram.com/p/DWHBwMbBkNZ/","Try This New Game with all your loved ones at your Wedding Haldi or Carnival ✨🎉♥️ . . . . . 📍 @anantarajaipur @tajcidadedegoaEvent Planners at Anantara Jaipur (@weddingkalakaar ) Event Planners at Taj Cidade De Goa(@simplyprettyplanner…","Signed-in Chrome; public post comments","Retained in the full list; not selected as a hosting testimonial."
"Instagram","melwinmusic","🔥🔥🔥","Reaction","No","28w","https://instagram.com/p/DWGqxk8EZda/c/17936460942193405/","1","2026-10-09T14:34:59.698Z","17936460942193405","https://instagram.com/p/DWGqxk8EZda/c/17936460942193405/","https://www.instagram.com/p/DWGqxk8EZda/","Try this new game at your Wedding Haldi or Carnival 🎡♥️✨ . .@simplyprettyplanners @weddingkalakaar@tajcidadedegoa @anantarajaipur@thesocial_wedding @ankushh.4 @reeltales_. . .#fyp #viral #reels #game #wedding. . . . . No copyright infri…","Signed-in Chrome; public post comments","Retained in the full list; not selected as a testimonial."
"Instagram","melwinmusic","🚀 🚀","Reaction","No","32w","https://instagram.com/p/DVOhmDjExLr/c/18108725428783190/","","2026-10-09T14:36:34.062Z","18108725428783190","https://instagram.com/p/DVOhmDjExLr/c/18108725428783190/","https://www.instagram.com/p/DVOhmDjExLr/","Strangers turned tribe. Colours turned memories. Holi in the Woods — where we celebrated differently. For online bookings check link in bio. For bookings contact: +91 88618 80561 | +91 81497 42774","Signed-in Chrome; public post comments","Retained in the full list; not selected as a testimonial."
"Instagram","metranisavita","Wonderful captures 🥰🥰","Other public comment","No","11w","https://instagram.com/p/DbD4kYbzDNW/c/18096676487618436/","1","2026-10-09T14:32:20.133Z","18096676487618436","https://instagram.com/p/DbD4kYbzDNW/c/18096676487618436/","https://www.instagram.com/p/DbD4kYbzDNW/","A sangeet done right starts with crazy energy and ends with happy hearts taking over the dance floor. 🪩🔥💃🏼 Wedding content creator - @theshaadisociall#sangeetdance #wedding #weddingcontentcreator #trendingreel","Signed-in Chrome; public post comments","Retained in the full list; not selected as a hosting testimonial."
"Instagram","mi_ajinkyapatil","😍😍","Reaction","No","33w","https://instagram.com/p/DUui6Hrkl73/c/18112983448568022/","2","2026-10-09T14:36:40.456Z","18112983448568022","https://instagram.com/p/DUui6Hrkl73/c/18112983448568022/","https://www.instagram.com/p/DUui6Hrkl73/","@shreusriya @riyalotlikarHaldi by the sunshine, Sangeet under the Goan stars 💛🌴 Shreus & Riya turned Nanu Beach Resort,Goa into a lovely celebration of love, laughter & limitless dance 💃 🕺 🪩 . . . Event by- @theperfectknot_Venue- @n…","Signed-in Chrome; public post comments","Retained in the full list; not selected as a testimonial."
"Instagram","mitali.mall","Bangerrr🔥","Other public comment","No","35w","https://instagram.com/p/DUJKxWJgAmm/c/17978455427807030/","3","2026-10-09T14:36:48.137Z","17978455427807030","https://instagram.com/p/DUJKxWJgAmm/c/17978455427807030/","https://www.instagram.com/p/DUJKxWJgAmm/","","Signed-in Chrome; public post comments","Retained in the full list; not selected as a hosting testimonial."
"Instagram","mommieofmylittlos","Congratulations @meenakshi.gupta dii🔥","Other public comment","No","34w","https://instagram.com/p/DUf3xYDEUf0/c/18091728014018777/","1","2026-10-09T14:36:44.596Z","18091728014018777","https://instagram.com/p/DUf3xYDEUf0/c/18091728014018777/","https://www.instagram.com/p/DUf3xYDEUf0/","@meragi.celebrations @iraluxeTwo hearts, one celebration, painted in Colours, wrapped in music 🎶 Recap of Mansi & Rishab’s wedding shenanigans at @iraluxe Delhi beautifully planned by @meragi.celebrations ✨ . . Birde- @bigmaauthGroom- @…","Signed-in Chrome; public post comments","Retained in the full list; not selected as a hosting testimonial."
"Instagram","monikadahiya_23","Last pyar kiya toh Darna kya - what did he say in english","Other public comment","No","2024-12-22T16:40:35.000Z","https://www.instagram.com/reel/DCy1D-3o_Kf/","1","2026-10-08T14:27:23.000Z","18054096382994126","https://www.instagram.com/reel/DCy1D-3o_Kf/","https://www.instagram.com/reel/DCy1D-3o_Kf/","New Game Alert! 🚨 🔔 ‼️ 
Guess the Bollywood movies by their English translation! 
.
.
.
.
.
Bride- @sphoortify 
Groom- @adi_11_sharma 
Event by - @six_sigma_weddings 
Venue- @shoonyafarmretreat 
Photography- @prajwal_danashetty 
.
.
.
…","Saved public Instagram metadata; not freshly verified","Retained in the full list; not selected as a hosting testimonial."
"Instagram","moniquaaa","😍😍","Reaction","No","33w","https://instagram.com/p/DU09GWBEuYN/c/18074422367614087/","1","2026-10-09T14:36:37.521Z","18074422367614087","https://instagram.com/p/DU09GWBEuYN/c/18074422367614087/","https://www.instagram.com/p/DU09GWBEuYN/","","Signed-in Chrome; public post comments","Retained in the full list; not selected as a testimonial."
"Instagram","moniquaaa","The bestt 🔥🔥","Other public comment","No","38w","https://instagram.com/p/DTdAwZ_mBOy/c/17859338607589460/","","2026-10-09T14:36:58.115Z","17859338607589460","https://instagram.com/p/DTdAwZ_mBOy/c/17859338607589460/","https://www.instagram.com/p/DTdAwZ_mBOy/","Every fall teaches. Every doubt shapes belief. The journey isn’t straight, but persistence is what makes history. 10 years of professional anchoring! 🎤 Your Dream Anchor ♥️ . . . .#10years #grateful #anchor #anchoring #anchoring🎤 #emce…","Signed-in Chrome; public post comments","Retained in the full list; not selected as a hosting testimonial."
"Instagram","mony_1826","Location","Question or request","No","12w","https://instagram.com/p/DaIaQvCxEGW/c/17993795996989381/","1","2026-10-09T14:33:54.605Z","17993795996989381","https://instagram.com/p/DaIaQvCxEGW/c/17993795996989381/","https://www.instagram.com/p/DaIaQvCxEGW/","Imagine Waking Up To This View ✨🤌🏼 . . . . . . . . . . . . . .#trip #love #travel #staycation #resort","Signed-in Chrome; public post comments","Retained in the full list; not selected as a testimonial."
"Instagram","mukundhashilkar","Good one 😍❤️🥳","Other public comment","No","28w","https://instagram.com/p/DWHBwMbBkNZ/c/18209835397322166/","2","2026-10-09T14:34:57.759Z","18209835397322166","https://instagram.com/p/DWHBwMbBkNZ/c/18209835397322166/","https://www.instagram.com/p/DWHBwMbBkNZ/","Try This New Game with all your loved ones at your Wedding Haldi or Carnival ✨🎉♥️ . . . . . 📍 @anantarajaipur @tajcidadedegoaEvent Planners at Anantara Jaipur (@weddingkalakaar ) Event Planners at Taj Cidade De Goa(@simplyprettyplanner…","Signed-in Chrome; public post comments","Retained in the full list; not selected as a hosting testimonial."
"Instagram","mukundhashilkar","😍😍😍","Reaction","No","30w","https://instagram.com/p/DVOhmDjExLr/c/18091204484115708/","","2026-10-09T14:36:34.062Z","18091204484115708","https://instagram.com/p/DVOhmDjExLr/c/18091204484115708/","https://www.instagram.com/p/DVOhmDjExLr/","Strangers turned tribe. Colours turned memories. Holi in the Woods — where we celebrated differently. For online bookings check link in bio. For bookings contact: +91 88618 80561 | +91 81497 42774","Signed-in Chrome; public post comments","Retained in the full list; not selected as a testimonial."
"Instagram","munnolimath_","Congratulations 🥳 🎊✨","Other public comment","No","24w","https://instagram.com/p/DXWObTEEc-h/c/17908136538390909/","1","2026-10-09T14:34:12.978Z","17908136538390909","https://instagram.com/p/DXWObTEEc-h/c/17908136538390909/","https://www.instagram.com/p/DXWObTEEc-h/","Wife said Kia, I agreed ♥️🧿 Kia Seltos, straight from heart 💝✨ . . . . . .#newcar #kia #seltos #couple #love","Signed-in Chrome; public post comments","Retained in the full list; not selected as a hosting testimonial."
"Instagram","nagpal_ruhani","❤️❤️🙌","Reaction","No","32w","https://instagram.com/p/DU_As5qErhY/c/17874613344516753/","","2026-10-09T14:36:35.849Z","17874613344516753","https://instagram.com/p/DU_As5qErhY/c/17874613344516753/","https://www.instagram.com/p/DU_As5qErhY/","Colourful Haldi for the Beautiful Couple ♥️🧡💛 . . Groom- @krish_israni1Bride - @mitali_israniVenue- @radissonblu.faridabad. . . . . .#wedding #haldi #anchor #fyp #explore. . . . . . . . . The audio belongs to the respective owner, no c…","Signed-in Chrome; public post comments","Retained in the full list; not selected as a testimonial."
"Instagram","namratahattalli","Congratulations!!","Other public comment","No","24w","https://instagram.com/p/DXWObTEEc-h/c/18092446378930999/","1","2026-10-09T14:34:12.978Z","18092446378930999","https://instagram.com/p/DXWObTEEc-h/c/18092446378930999/","https://www.instagram.com/p/DXWObTEEc-h/","Wife said Kia, I agreed ♥️🧿 Kia Seltos, straight from heart 💝✨ . . . . . .#newcar #kia #seltos #couple #love","Signed-in Chrome; public post comments","Retained in the full list; not selected as a hosting testimonial."
"Instagram","nanibujji1429","Location","Question or request","No","12w","https://instagram.com/p/DaIaQvCxEGW/c/18014097860914893/","1","2026-10-09T14:33:54.605Z","18014097860914893","https://instagram.com/p/DaIaQvCxEGW/c/18014097860914893/","https://www.instagram.com/p/DaIaQvCxEGW/","Imagine Waking Up To This View ✨🤌🏼 . . . . . . . . . . . . . .#trip #love #travel #staycation #resort","Signed-in Chrome; public post comments","Retained in the full list; not selected as a testimonial."
"Instagram","neerajdhawan1975","Massi ji😂","Other public comment","No","38w","https://instagram.com/p/DTYQjWyktKj/c/17888585973411684/","1","2026-10-09T14:36:59.941Z","17888585973411684","https://instagram.com/p/DTYQjWyktKj/c/17888585973411684/","https://www.instagram.com/p/DTYQjWyktKj/","When Haldi turns into a Bollywood battlefield 🎬💛 Ladke wale vs Ladki wale in a super fun movie game! Non-stop laughs, loud cheers & crazy energy. Loved the vibe created by @yourdreamanchor","Signed-in Chrome; public post comments","Retained in the full list; not selected as a hosting testimonial."
"Instagram","nirikshafjames","Efforts 🫡🫡","Other public comment","No","15w","https://instagram.com/p/DZ7YTQmRw-D/c/17869962888553990/","1","2026-10-09T14:33:56.555Z","17869962888553990","https://instagram.com/p/DZ7YTQmRw-D/c/17869962888553990/","https://www.instagram.com/p/DZ7YTQmRw-D/","Because my favourite person deserves something made with love 💝✨ . . . . . . .#birthday #love #fyp #trip #travel","Signed-in Chrome; public post comments","Retained in the full list; not selected as a hosting testimonial."
"Instagram","nitsiya_fan","❤️❤️","Reaction","No","12w","https://instagram.com/p/DUM5U0uEWQx/c/18111721288940764/","","2026-10-09T14:36:46.324Z","18111721288940764","https://instagram.com/p/DUM5U0uEWQx/c/18111721288940764/","https://www.instagram.com/p/DUM5U0uEWQx/","One with the cutest celebrity ( @aadushaaa ) I met at Aastha & Samarth’s Wedding in Solan, Himachal Pradesh. ✨🎊@oye_nonu & @mansi.sharma.mn you guys are the best🎉 . . . . . . . . . . . . . . . . . . . . . . .#nitsiyatv #nitsiyatvistheb…","Signed-in Chrome; public post comments","Retained in the full list; not selected as a testimonial."
"Instagram","nitsiyadiaries","❤️❤️","Reaction","No","35w","https://instagram.com/p/DUM5U0uEWQx/c/18106696117615217/","1","2026-10-09T14:36:46.324Z","18106696117615217","https://instagram.com/p/DUM5U0uEWQx/c/18106696117615217/","https://www.instagram.com/p/DUM5U0uEWQx/","One with the cutest celebrity ( @aadushaaa ) I met at Aastha & Samarth’s Wedding in Solan, Himachal Pradesh. ✨🎊@oye_nonu & @mansi.sharma.mn you guys are the best🎉 . . . . . . . . . . . . . . . . . . . . . . .#nitsiyatv #nitsiyatvistheb…","Signed-in Chrome; public post comments","Retained in the full list; not selected as a testimonial."
"Instagram","nivedita_ankalgi","Wonderful ❤️ congratulations Akshay on this beautiful journey 🔥","Other public comment","No","38w","https://instagram.com/p/DTdAwZ_mBOy/c/17912091456284383/","1","2026-10-09T14:36:58.115Z","17912091456284383","https://instagram.com/p/DTdAwZ_mBOy/c/17912091456284383/","https://www.instagram.com/p/DTdAwZ_mBOy/","Every fall teaches. Every doubt shapes belief. The journey isn’t straight, but persistence is what makes history. 10 years of professional anchoring! 🎤 Your Dream Anchor ♥️ . . . .#10years #grateful #anchor #anchoring #anchoring🎤 #emce…","Signed-in Chrome; public post comments","Retained in the full list; not selected as a hosting testimonial."
"Instagram","nomercyjd","🔥","Reaction","No","38w","https://instagram.com/p/DTdAwZ_mBOy/c/18124838371552204/","","2026-10-09T14:36:58.115Z","18124838371552204","https://instagram.com/p/DTdAwZ_mBOy/c/18124838371552204/","https://www.instagram.com/p/DTdAwZ_mBOy/","Every fall teaches. Every doubt shapes belief. The journey isn’t straight, but persistence is what makes history. 10 years of professional anchoring! 🎤 Your Dream Anchor ♥️ . . . .#10years #grateful #anchor #anchoring #anchoring🎤 #emce…","Signed-in Chrome; public post comments","Retained in the full list; not selected as a testimonial."
"Instagram","om_rupchandani","😍😍😍","Reaction","No","2026-10-06T12:52:33.000Z","https://instagram.com/p/DeKEPSoRU0I/c/17984186310082001/","0","2026-10-09T14:28:29.904Z","17984186310082001","https://instagram.com/p/DeKEPSoRU0I/c/17984186310082001/","https://www.instagram.com/p/DeKEPSoRU0I/","@nainarupchandani & @hari_polumuru ‘s happily ever after ♥️💝 beautifully shot by @evarafilms.in @explore_with_pd 😍♥️ . . Bride - @nainarupchandaniGroom- @hari_polumuruVenue- @shoonyafarmretreatPhotography 📸 - @evarafilms.in. . . . . .…","Signed-in Chrome; public post comments","Retained in the full list; not selected as a testimonial."
"Instagram","paagalpaayal","😍😍😍","Reaction","No","32w","https://instagram.com/p/DVOhmDjExLr/c/18094528901005749/","","2026-10-09T14:36:34.062Z","18094528901005749","https://instagram.com/p/DVOhmDjExLr/c/18094528901005749/","https://www.instagram.com/p/DVOhmDjExLr/","Strangers turned tribe. Colours turned memories. Holi in the Woods — where we celebrated differently. For online bookings check link in bio. For bookings contact: +91 88618 80561 | +91 81497 42774","Signed-in Chrome; public post comments","Retained in the full list; not selected as a testimonial."
"Instagram","pallavi_viral_savla","Wow","Other public comment","No","2024-12-12T15:35:43.000Z","https://www.instagram.com/reel/DCy1D-3o_Kf/","1","2026-10-08T14:27:23.000Z","18477383245056024","https://www.instagram.com/reel/DCy1D-3o_Kf/","https://www.instagram.com/reel/DCy1D-3o_Kf/","New Game Alert! 🚨 🔔 ‼️ 
Guess the Bollywood movies by their English translation! 
.
.
.
.
.
Bride- @sphoortify 
Groom- @adi_11_sharma 
Event by - @six_sigma_weddings 
Venue- @shoonyafarmretreat 
Photography- @prajwal_danashetty 
.
.
.
…","Saved public Instagram metadata; not freshly verified","Retained in the full list; not selected as a hosting testimonial."
"Instagram","patil__deepika","Location","Question or request","No","12w","https://instagram.com/p/DaIaQvCxEGW/c/18122629972773926/","1","2026-10-09T14:33:54.605Z","18122629972773926","https://instagram.com/p/DaIaQvCxEGW/c/18122629972773926/","https://www.instagram.com/p/DaIaQvCxEGW/","Imagine Waking Up To This View ✨🤌🏼 . . . . . . . . . . . . . .#trip #love #travel #staycation #resort","Signed-in Chrome; public post comments","Retained in the full list; not selected as a testimonial."
"Instagram","patilshruti5","So cute 😍😍🧿","Other public comment","No","15w","https://instagram.com/p/DZ7YTQmRw-D/c/18105269149883999/","1","2026-10-09T14:33:56.555Z","18105269149883999","https://instagram.com/p/DZ7YTQmRw-D/c/18105269149883999/","https://www.instagram.com/p/DZ7YTQmRw-D/","Because my favourite person deserves something made with love 💝✨ . . . . . . .#birthday #love #fyp #trip #travel","Signed-in Chrome; public post comments","Retained in the full list; not selected as a hosting testimonial."
"Instagram","patilshruti5","Congratulations 🧿","Other public comment","No","24w","https://instagram.com/p/DXWObTEEc-h/c/18101200420985719/","1","2026-10-09T14:34:12.978Z","18101200420985719","https://instagram.com/p/DXWObTEEc-h/c/18101200420985719/","https://www.instagram.com/p/DXWObTEEc-h/","Wife said Kia, I agreed ♥️🧿 Kia Seltos, straight from heart 💝✨ . . . . . .#newcar #kia #seltos #couple #love","Signed-in Chrome; public post comments","Retained in the full list; not selected as a hosting testimonial."
"Instagram","pawanxplores","@yourdreamanchor needs a rizztraining order!","Other public comment","No","31w","https://instagram.com/p/DViIbFxkYnW/c/18002529584717762/","2","2026-10-09T14:35:08.827Z","18002529584717762","https://instagram.com/p/DViIbFxkYnW/c/18002529584717762/","https://www.instagram.com/p/DViIbFxkYnW/","📍 @lacabanaresortFor amoghkatwe & @aishwarya_prabhu wedding✨ . . Shot by - @evarafilms.in ❤️ . .#goa #wedding #haldi #viral #fyp. . . . . . . . . . . . . . . . . . . . . . . . . ( Goa Wedding Mumbai Pune Lonavala Igatpuri Anchor Emcee M…","Signed-in Chrome; public post comments","Retained in the full list; not selected as a hosting testimonial."
"Instagram","photostoriesby_amar","🔥🔥","Reaction","No","10w","https://instagram.com/p/DbL8_vTkhsN/c/18171018253438666/","","2026-10-09T14:31:32.120Z","18171018253438666","https://instagram.com/p/DbL8_vTkhsN/c/18171018253438666/","https://www.instagram.com/p/DbL8_vTkhsN/","Bringing the energy, setting the mood, and keeping the night unforgettable. Honored to host such a night of pure magic! ✨ 🪩 . . . Captured by @evarafilms.in 💝 . . . . . . . .#fyp #explorepage✨ #art #artist #anchor","Signed-in Chrome; public post comments","Retained in the full list; not selected as a testimonial."
"Instagram","preetyykarkii","@maharjansofia","Mention","No","2024-11-14T10:19:45.000Z","https://www.instagram.com/reel/C7ZxSazKZmH/","0","2026-10-08T14:27:35.000Z","17965840988812100","https://www.instagram.com/reel/C7ZxSazKZmH/","https://www.instagram.com/reel/C7ZxSazKZmH/","Fastest Finger First 🚨🚨🚨
.
.
.
Bride - @nehaupase96 
Groom- @vineeth.br10 
Venue - @mirayagreens_official 
Video by - @josh_vaishnavi 
Game Curated & Executed by - @akshayguitarbajanewala 
.
.
.
.
.
.
[ Bangalore weddings wedding shad…","Saved public Instagram metadata; not freshly verified","Retained in the full list; not selected as a testimonial."
"Instagram","purvanergy","Such a great choreography! Exactly how i imagined it to be. Thanks @sanjanajaiswal128 for all the support and work you’ve put in this! ❤️","Other public comment","No","18w","https://instagram.com/p/DZFvyC9NqSU/c/18174753190409831/","2","2026-10-09T14:33:58.590Z","18174753190409831","https://instagram.com/p/DZFvyC9NqSU/c/18174753190409831/","https://www.instagram.com/p/DZFvyC9NqSU/","PoV: Aayi hai woh banke teri dulhaniya 💛 . . . Bride - @purvanergyGroom - @vaibhav_andhereCouple - @vp.wanderlovePlanners - @vogueeventsofficial_Photography - @clickographyAnchor - @yourdreamanchorChoreography and concept - @xtremedance…","Signed-in Chrome; public post comments","Retained in the full list; not selected as a hosting testimonial."
"Instagram","purvanergy","LOVEEEDDD IT 🔥🔥🔥","Other public comment","No","23w","https://instagram.com/p/DXuEysFCFVx/c/18573841990010693/","2","2026-10-09T14:34:05.768Z","18573841990010693","https://instagram.com/p/DXuEysFCFVx/c/18573841990010693/","https://www.instagram.com/p/DXuEysFCFVx/","The boys knew the assignment! 🔥 . . . Bride - @purvanergyGroom - @vaibhav_andhereCouple - @vp.wanderloveAnchor - @yourdreamanchorPlanners - @vogueeventsofficial_Photography - @clickographyChoreography - @xtremedancecompany. . [Bride, Gr…","Signed-in Chrome; public post comments","Retained in the full list; not selected as a hosting testimonial."
"Instagram","queen_erisha","Wow 🥰🥰🥰","Other public comment","No","35w","https://instagram.com/p/DUM5U0uEWQx/c/17885441151432592/","","2026-10-09T14:36:46.324Z","17885441151432592","https://instagram.com/p/DUM5U0uEWQx/c/17885441151432592/","https://www.instagram.com/p/DUM5U0uEWQx/","One with the cutest celebrity ( @aadushaaa ) I met at Aastha & Samarth’s Wedding in Solan, Himachal Pradesh. ✨🎊@oye_nonu & @mansi.sharma.mn you guys are the best🎉 . . . . . . . . . . . . . . . . . . . . . . .#nitsiyatv #nitsiyatvistheb…","Signed-in Chrome; public post comments","Retained in the full list; not selected as a hosting testimonial."
"Instagram","rahul_best_punjabi_dhol_team","❤️🔥","Reaction","No","27w","https://instagram.com/p/DWHBwMbBkNZ/c/17881905531491325/","","2026-10-09T14:34:57.759Z","17881905531491325","https://instagram.com/p/DWHBwMbBkNZ/c/17881905531491325/","https://www.instagram.com/p/DWHBwMbBkNZ/","Try This New Game with all your loved ones at your Wedding Haldi or Carnival ✨🎉♥️ . . . . . 📍 @anantarajaipur @tajcidadedegoaEvent Planners at Anantara Jaipur (@weddingkalakaar ) Event Planners at Taj Cidade De Goa(@simplyprettyplanner…","Signed-in Chrome; public post comments","Retained in the full list; not selected as a testimonial."
"Instagram","rajan_gulabani","🔥","Reaction","No","11w","https://instagram.com/p/DbD0IuzmI6d/c/17899363296605627/","1","2026-10-09T14:32:22.162Z","17899363296605627","https://instagram.com/p/DbD0IuzmI6d/c/17899363296605627/","https://www.instagram.com/p/DbD0IuzmI6d/","From heartfelt moments to endless celebrations, it was an absolute privilege to host Siddharth (@siddharth_bhadri )& Aanchal’s ( @aanchal.verma_05 ) wedding at the picturesque Windflower Resort, Goa. @windflowergoa ♥️💝 A celebration mad…","Signed-in Chrome; public post comments","Retained in the full list; not selected as a testimonial."
"Instagram","ranjitakiran","🔥🔥","Reaction","No","11w","https://instagram.com/p/DbD4kYbzDNW/c/18052451960785949/","1","2026-10-09T14:32:20.133Z","18052451960785949","https://instagram.com/p/DbD4kYbzDNW/c/18052451960785949/","https://www.instagram.com/p/DbD4kYbzDNW/","A sangeet done right starts with crazy energy and ends with happy hearts taking over the dance floor. 🪩🔥💃🏼 Wedding content creator - @theshaadisociall#sangeetdance #wedding #weddingcontentcreator #trendingreel","Signed-in Chrome; public post comments","Retained in the full list; not selected as a testimonial."
"Instagram","rao.abhiram","Congratulations! 👏","Other public comment","No","23w","https://instagram.com/p/DXlLc0Ik-oV/c/18176027128395889/","1","2026-10-09T14:34:09.302Z","18176027128395889","https://instagram.com/p/DXlLc0Ik-oV/c/18176027128395889/","https://www.instagram.com/p/DXlLc0Ik-oV/","Built on dreams, driven with LOVE ❤️✨ Manifesting Big Dreams Alongside You ✨♥️ . . . . . . . .#newcar #cardelivery #kiaseltos #kia #car","Signed-in Chrome; public post comments","Retained in the full list; not selected as a hosting testimonial."
"Instagram","reddevil_aashish14","Fire bro 🔥🙌❤️","Other public comment","No","27w","https://instagram.com/p/DWHBwMbBkNZ/c/18170893444407441/","1","2026-10-09T14:34:57.759Z","18170893444407441","https://instagram.com/p/DWHBwMbBkNZ/c/18170893444407441/","https://www.instagram.com/p/DWHBwMbBkNZ/","Try This New Game with all your loved ones at your Wedding Haldi or Carnival ✨🎉♥️ . . . . . 📍 @anantarajaipur @tajcidadedegoaEvent Planners at Anantara Jaipur (@weddingkalakaar ) Event Planners at Taj Cidade De Goa(@simplyprettyplanner…","Signed-in Chrome; public post comments","Retained in the full list; not selected as a hosting testimonial."
"Instagram","ritamurghai","Awesome 👌👌👏👏❤️❤️","Other public comment","No","28w","https://instagram.com/p/DV81AG9k7Vs/c/17866402014600983/","1","2026-10-09T14:35:03.284Z","17866402014600983","https://instagram.com/p/DV81AG9k7Vs/c/17866402014600983/","https://www.instagram.com/p/DV81AG9k7Vs/","Every wedding has a story, but this one will stay in our hearts forever! ❤️ A night, whole Jaipur will remember! 🔥 The energy, the excitement, the grandeur and everything in between ✨ Celebrations like these remind us why we love creati…","Signed-in Chrome; public post comments","Retained in the full list; not selected as a hosting testimonial."
"Instagram","roopamohanaradhya","Location","Question or request","No","12w","https://instagram.com/p/DaIaQvCxEGW/c/17966875430942629/","1","2026-10-09T14:33:54.605Z","17966875430942629","https://instagram.com/p/DaIaQvCxEGW/c/17966875430942629/","https://www.instagram.com/p/DaIaQvCxEGW/","Imagine Waking Up To This View ✨🤌🏼 . . . . . . . . . . . . . .#trip #love #travel #staycation #resort","Signed-in Chrome; public post comments","Retained in the full list; not selected as a testimonial."
"Instagram","rrtakalkar555","😍😍👏🔥","Reaction","No","2026-10-04T10:16:55.000Z","https://instagram.com/p/DeBzehSRgD4/c/17876669247566892/","0","2026-10-09T14:29:10.120Z","17876669247566892","https://instagram.com/p/DeBzehSRgD4/c/17876669247566892/","https://www.instagram.com/p/DeBzehSRgD4/","Haldi, but make it a full-blown celebration! 💛✨ Krisha (@baazigurl ) & Sanket’s (@justpunningaround ) Haldi was all about crazy energy, nonstop dancing and the kind of wedding madness we live for! 🥳💃 Hosted by yours truly at MG Magnus…","Signed-in Chrome; public post comments","Retained in the full list; not selected as a testimonial."
"Instagram","rrtakalkar555","Handsome boy..😍🔥","Other public comment","No","12w","https://instagram.com/p/Da2ycMRmOdr/c/18126968542641825/","1","2026-10-09T14:32:25.504Z","18126968542641825","https://instagram.com/p/Da2ycMRmOdr/c/18126968542641825/","https://www.instagram.com/p/Da2ycMRmOdr/","","Signed-in Chrome; public post comments","Retained in the full list; not selected as a hosting testimonial."
"Instagram","rrtakalkar555","Full Enjoyment 😉","Other public comment","No","11w","https://instagram.com/p/DayoODqKXm4/c/17928068556363054/","1","2026-10-09T14:32:28.794Z","17928068556363054","https://instagram.com/p/DayoODqKXm4/c/17928068556363054/","https://www.instagram.com/p/DayoODqKXm4/","Haldi, but make it absolute chaos. 🌼😂💛 This is the kind of game that gets everyone involved, keeps the laughter going, and turns your Haldi into the highlight of the wedding festivities. 🎉✨ Hosted by @yourdreamanchor Akshay 🎤🤍 For …","Signed-in Chrome; public post comments","Retained in the full list; not selected as a hosting testimonial."
"Instagram","rrtakalkar555","Beautiful 😍 🤩 👌 ❣️","Other public comment","No","12w","https://instagram.com/p/DaqBs6URWuU/c/18089464655560831/","1","2026-10-09T14:32:34.607Z","18089464655560831","https://instagram.com/p/DaqBs6URWuU/c/18089464655560831/","https://www.instagram.com/p/DaqBs6URWuU/","Rishikesh & Haridwar through my lens ✨ . . . . . . . .#rishikesh #haridwar #spirituality #peace #travel","Signed-in Chrome; public post comments","Retained in the full list; not selected as a hosting testimonial."
"Instagram","rrtakalkar555","Beautiful 😍 🤩 👌🏻 ❣️ 😘 😊","Other public comment","No","23w","https://instagram.com/p/DXlLc0Ik-oV/c/18264013153292309/","1","2026-10-09T14:34:09.302Z","18264013153292309","https://instagram.com/p/DXlLc0Ik-oV/c/18264013153292309/","https://www.instagram.com/p/DXlLc0Ik-oV/","Built on dreams, driven with LOVE ❤️✨ Manifesting Big Dreams Alongside You ✨♥️ . . . . . . . .#newcar #cardelivery #kiaseltos #kia #car","Signed-in Chrome; public post comments","Retained in the full list; not selected as a hosting testimonial."
"Instagram","rukhsar___03","Innn. . .","Other public comment","No","2024-11-09T06:14:28.000Z","https://www.instagram.com/reel/C7ZxSazKZmH/","0","2026-10-08T14:27:35.000Z","17985141794750189","https://www.instagram.com/reel/C7ZxSazKZmH/","https://www.instagram.com/reel/C7ZxSazKZmH/","Fastest Finger First 🚨🚨🚨
.
.
.
Bride - @nehaupase96 
Groom- @vineeth.br10 
Venue - @mirayagreens_official 
Video by - @josh_vaishnavi 
Game Curated & Executed by - @akshayguitarbajanewala 
.
.
.
.
.
.
[ Bangalore weddings wedding shad…","Saved public Instagram metadata; not freshly verified","Retained in the full list; not selected as a hosting testimonial."
"Instagram","s_sangeeta1998","😍😍","Reaction","No","2024-11-11T17:42:11.000Z","https://www.instagram.com/reel/C7ZxSazKZmH/","0","2026-10-08T14:27:35.000Z","18346390990122663","https://www.instagram.com/reel/C7ZxSazKZmH/","https://www.instagram.com/reel/C7ZxSazKZmH/","Fastest Finger First 🚨🚨🚨
.
.
.
Bride - @nehaupase96 
Groom- @vineeth.br10 
Venue - @mirayagreens_official 
Video by - @josh_vaishnavi 
Game Curated & Executed by - @akshayguitarbajanewala 
.
.
.
.
.
.
[ Bangalore weddings wedding shad…","Saved public Instagram metadata; not freshly verified","Retained in the full list; not selected as a testimonial."
"Instagram","sahanapavan21","🔥🔥🔥","Reaction","No","28w","https://instagram.com/p/DWHBwMbBkNZ/c/18100291073298705/","","2026-10-09T14:34:57.759Z","18100291073298705","https://instagram.com/p/DWHBwMbBkNZ/c/18100291073298705/","https://www.instagram.com/p/DWHBwMbBkNZ/","Try This New Game with all your loved ones at your Wedding Haldi or Carnival ✨🎉♥️ . . . . . 📍 @anantarajaipur @tajcidadedegoaEvent Planners at Anantara Jaipur (@weddingkalakaar ) Event Planners at Taj Cidade De Goa(@simplyprettyplanner…","Signed-in Chrome; public post comments","Retained in the full list; not selected as a testimonial."
"Instagram","sahanapavan21","🔥🔥🔥","Reaction","No","28w","https://instagram.com/p/DWGqxk8EZda/c/18036153875609193/","","2026-10-09T14:34:59.698Z","18036153875609193","https://instagram.com/p/DWGqxk8EZda/c/18036153875609193/","https://www.instagram.com/p/DWGqxk8EZda/","Try this new game at your Wedding Haldi or Carnival 🎡♥️✨ . .@simplyprettyplanners @weddingkalakaar@tajcidadedegoa @anantarajaipur@thesocial_wedding @ankushh.4 @reeltales_. . .#fyp #viral #reels #game #wedding. . . . . No copyright infri…","Signed-in Chrome; public post comments","Retained in the full list; not selected as a testimonial."
"Instagram","sahanapavan21",",, 😍😍😍❤️❤️","Reaction","No","28w","https://instagram.com/p/DV_f7-JEVZL/c/18083876744600298/","2","2026-10-09T14:35:01.988Z","18083876744600298","https://instagram.com/p/DV_f7-JEVZL/c/18083876744600298/","https://www.instagram.com/p/DV_f7-JEVZL/","It’s written in the stars ✨ Anurag ❤️ Devika, a match made in heaven.♥️ . . . . Couple- @its_devikanurag ♥️ Bride- @the_devika ✨ Groom- @anuraggk ✨ Choreography- @xtremedancecompany @i_rajatmishra @sanjanajaiswal128 ✨ Venue- @anantarajai…","Signed-in Chrome; public post comments","Retained in the full list; not selected as a testimonial."
"Instagram","sahanapavan21","😍","Reaction","No","2026-03-22T02:33:51.000Z","https://www.instagram.com/reel/C7ZxSazKZmH/","0","2026-10-08T14:27:35.000Z","18108911602803915","https://www.instagram.com/reel/C7ZxSazKZmH/","https://www.instagram.com/reel/C7ZxSazKZmH/","Fastest Finger First 🚨🚨🚨
.
.
.
Bride - @nehaupase96 
Groom- @vineeth.br10 
Venue - @mirayagreens_official 
Video by - @josh_vaishnavi 
Game Curated & Executed by - @akshayguitarbajanewala 
.
.
.
.
.
.
[ Bangalore weddings wedding shad…","Saved public Instagram metadata; not freshly verified","Retained in the full list; not selected as a testimonial."
"Instagram","sahanapavan21","😍","Reaction","No","2026-03-22T02:33:47.000Z","https://www.instagram.com/reel/DCy1D-3o_Kf/","0","2026-10-08T14:27:23.000Z","17870911365469031","https://www.instagram.com/reel/DCy1D-3o_Kf/","https://www.instagram.com/reel/DCy1D-3o_Kf/","New Game Alert! 🚨 🔔 ‼️ 
Guess the Bollywood movies by their English translation! 
.
.
.
.
.
Bride- @sphoortify 
Groom- @adi_11_sharma 
Event by - @six_sigma_weddings 
Venue- @shoonyafarmretreat 
Photography- @prajwal_danashetty 
.
.
.
…","Saved public Instagram metadata; not freshly verified","Retained in the full list; not selected as a testimonial."
"Instagram","sak_kandi","❤️","Reaction","No","12w","https://instagram.com/p/Dap3A8-MsUo/c/18005613005954696/","1","2026-10-09T14:32:36.701Z","18005613005954696","https://instagram.com/p/Dap3A8-MsUo/c/18005613005954696/","https://www.instagram.com/p/Dap3A8-MsUo/","Cheers to love that lights up every moment ✨🧿 . . Event Planned & Executed by - @vogueeventsofficial_ @vishal.rohira_Bride @shloka.chauhanGroom @hridaaychauhan. . (Sangeet decor, Sangeet ceremony, Sangeet vibes, Dance performances, Coup…","Signed-in Chrome; public post comments","Retained in the full list; not selected as a testimonial."
"Instagram","sakshi_joshi_15","Congratulations ❤️","Other public comment","No","24w","https://instagram.com/p/DXWObTEEc-h/c/18110319053498167/","1","2026-10-09T14:34:12.978Z","18110319053498167","https://instagram.com/p/DXWObTEEc-h/c/18110319053498167/","https://www.instagram.com/p/DXWObTEEc-h/","Wife said Kia, I agreed ♥️🧿 Kia Seltos, straight from heart 💝✨ . . . . . .#newcar #kia #seltos #couple #love","Signed-in Chrome; public post comments","Retained in the full list; not selected as a hosting testimonial."
"Instagram","sakshikulchandani","Give more such names of movies please","Question or request","No","2024-12-15T18:17:52.000Z","https://www.instagram.com/reel/DCy1D-3o_Kf/","1","2026-10-08T14:27:23.000Z","18313039021161796","https://www.instagram.com/reel/DCy1D-3o_Kf/","https://www.instagram.com/reel/DCy1D-3o_Kf/","New Game Alert! 🚨 🔔 ‼️ 
Guess the Bollywood movies by their English translation! 
.
.
.
.
.
Bride- @sphoortify 
Groom- @adi_11_sharma 
Event by - @six_sigma_weddings 
Venue- @shoonyafarmretreat 
Photography- @prajwal_danashetty 
.
.
.
…","Saved public Instagram metadata; not freshly verified","Retained in the full list; not selected as a testimonial."
"Instagram","samarthsingla9","Congratulations 🎉","Other public comment","No","23w","https://instagram.com/p/DXlLc0Ik-oV/c/18055006241707395/","1","2026-10-09T14:34:09.302Z","18055006241707395","https://instagram.com/p/DXlLc0Ik-oV/c/18055006241707395/","https://www.instagram.com/p/DXlLc0Ik-oV/","Built on dreams, driven with LOVE ❤️✨ Manifesting Big Dreams Alongside You ✨♥️ . . . . . . . .#newcar #cardelivery #kiaseltos #kia #car","Signed-in Chrome; public post comments","Retained in the full list; not selected as a hosting testimonial."
"Instagram","sandhya_rani_r_kale","Hayeee ❤️🧿","Other public comment","No","15w","https://instagram.com/p/DZ7YTQmRw-D/c/18107656771785898/","2","2026-10-09T14:33:56.555Z","18107656771785898","https://instagram.com/p/DZ7YTQmRw-D/c/18107656771785898/","https://www.instagram.com/p/DZ7YTQmRw-D/","Because my favourite person deserves something made with love 💝✨ . . . . . . .#birthday #love #fyp #trip #travel","Signed-in Chrome; public post comments","Retained in the full list; not selected as a hosting testimonial."
"Instagram","sanjanajaiswal128","You absolutely nailed this 🙌🔥 @vp.wanderlove","Other public comment","No","18w","https://instagram.com/p/DZFvyC9NqSU/c/17892525564536422/","","2026-10-09T14:33:58.590Z","17892525564536422","https://instagram.com/p/DZFvyC9NqSU/c/17892525564536422/","https://www.instagram.com/p/DZFvyC9NqSU/","PoV: Aayi hai woh banke teri dulhaniya 💛 . . . Bride - @purvanergyGroom - @vaibhav_andhereCouple - @vp.wanderlovePlanners - @vogueeventsofficial_Photography - @clickographyAnchor - @yourdreamanchorChoreography and concept - @xtremedance…","Signed-in Chrome; public post comments","Retained in the full list; not selected as a hosting testimonial."
"Instagram","sanjeev.pal.3363","🔥🔥🙌🙌🙌🔥@sukoonbyphotuvala 🔥❤️❤️💪💪💪","Other public comment","No","38w","https://instagram.com/p/DTYQjWyktKj/c/17873065809482320/","1","2026-10-09T14:36:59.941Z","17873065809482320","https://instagram.com/p/DTYQjWyktKj/c/17873065809482320/","https://www.instagram.com/p/DTYQjWyktKj/","When Haldi turns into a Bollywood battlefield 🎬💛 Ladke wale vs Ladki wale in a super fun movie game! Non-stop laughs, loud cheers & crazy energy. Loved the vibe created by @yourdreamanchor","Signed-in Chrome; public post comments","Retained in the full list; not selected as a hosting testimonial."
"Instagram","sanosh.b.patil","Benki oo dosta🔥","Other public comment","No","23w","https://instagram.com/p/DXlLc0Ik-oV/c/17910636798374992/","1","2026-10-09T14:34:09.302Z","17910636798374992","https://instagram.com/p/DXlLc0Ik-oV/c/17910636798374992/","https://www.instagram.com/p/DXlLc0Ik-oV/","Built on dreams, driven with LOVE ❤️✨ Manifesting Big Dreams Alongside You ✨♥️ . . . . . . . .#newcar #cardelivery #kiaseltos #kia #car","Signed-in Chrome; public post comments","Retained in the full list; not selected as a hosting testimonial."
"Instagram","sarvesh_mall7","😍😍😍","Reaction","No","35w","https://instagram.com/p/DUJKxWJgAmm/c/18548988445009323/","4","2026-10-09T14:36:48.137Z","18548988445009323","https://instagram.com/p/DUJKxWJgAmm/c/18548988445009323/","https://www.instagram.com/p/DUJKxWJgAmm/","","Signed-in Chrome; public post comments","Retained in the full list; not selected as a testimonial."
"Instagram","sayali.arane","Location","Question or request","No","12w","https://instagram.com/p/DaIaQvCxEGW/c/18102819043882884/","","2026-10-09T14:33:54.605Z","18102819043882884","https://instagram.com/p/DaIaQvCxEGW/c/18102819043882884/","https://www.instagram.com/p/DaIaQvCxEGW/","Imagine Waking Up To This View ✨🤌🏼 . . . . . . . . . . . . . .#trip #love #travel #staycation #resort","Signed-in Chrome; public post comments","Retained in the full list; not selected as a testimonial."
"Instagram","sh_ivanimalhotra","Mesmerizing 😍😍😍","Other public comment","No","35w","https://instagram.com/p/DUJKxWJgAmm/c/17866252830557735/","4","2026-10-09T14:36:48.137Z","17866252830557735","https://instagram.com/p/DUJKxWJgAmm/c/17866252830557735/","https://www.instagram.com/p/DUJKxWJgAmm/","","Signed-in Chrome; public post comments","Retained in the full list; not selected as a hosting testimonial."
"Instagram","shaileshh.mall","🔥🔥🔥","Reaction","No","2026-08-30T17:10:26.000Z","https://instagram.com/p/Dcq1M-lR8hz/c/18102177758252349/","2","2026-10-09T14:30:36.162Z","18102177758252349","https://instagram.com/p/Dcq1M-lR8hz/c/18102177758252349/","https://www.instagram.com/p/Dcq1M-lR8hz/","✨ A night where love took centre stage ✨ An unforgettable Sangeet celebrating Naman & Rupali at Golden Amoon Resort, Bangalore 🤍✨ Honoured to be the voice, energy & vibe behind this beautiful evening. 🎤@goldenamoonresortandspa @rupalil…","Signed-in Chrome; public post comments","Retained in the full list; not selected as a testimonial."
"Instagram","shaileshh.mall","💯💯💯","Reaction","No","2026-08-30T17:10:23.000Z","https://instagram.com/p/Dcq1M-lR8hz/c/18164217463479326/","2","2026-10-09T14:30:36.162Z","18164217463479326","https://instagram.com/p/Dcq1M-lR8hz/c/18164217463479326/","https://www.instagram.com/p/Dcq1M-lR8hz/","✨ A night where love took centre stage ✨ An unforgettable Sangeet celebrating Naman & Rupali at Golden Amoon Resort, Bangalore 🤍✨ Honoured to be the voice, energy & vibe behind this beautiful evening. 🎤@goldenamoonresortandspa @rupalil…","Signed-in Chrome; public post comments","Retained in the full list; not selected as a testimonial."
"Instagram","shankujajoshi","❤️","Reaction","No","18w","https://instagram.com/p/DY7vGPBtAnv/c/18067446020698345/","1","2026-10-09T14:34:00.439Z","18067446020698345","https://instagram.com/p/DY7vGPBtAnv/c/18067446020698345/","https://www.instagram.com/p/DY7vGPBtAnv/","Coffee estates, cloudy skies & peace we didn’t know we needed 🌿✨ . . . . . . .#sakleshpur #trip #travel #life #love","Signed-in Chrome; public post comments","Retained in the full list; not selected as a testimonial."
"Instagram","shankujajoshi","❤️❤️❤️","Reaction","No","29w","https://instagram.com/p/DWHBwMbBkNZ/c/18070680443645554/","1","2026-10-09T14:34:57.759Z","18070680443645554","https://instagram.com/p/DWHBwMbBkNZ/c/18070680443645554/","https://www.instagram.com/p/DWHBwMbBkNZ/","Try This New Game with all your loved ones at your Wedding Haldi or Carnival ✨🎉♥️ . . . . . 📍 @anantarajaipur @tajcidadedegoaEvent Planners at Anantara Jaipur (@weddingkalakaar ) Event Planners at Taj Cidade De Goa(@simplyprettyplanner…","Signed-in Chrome; public post comments","Retained in the full list; not selected as a testimonial."
"Instagram","shankujajoshi","Wow","Other public comment","No","29w","https://instagram.com/p/DWHBwMbBkNZ/c/18185307559369097/","1","2026-10-09T14:34:57.759Z","18185307559369097","https://instagram.com/p/DWHBwMbBkNZ/c/18185307559369097/","https://www.instagram.com/p/DWHBwMbBkNZ/","Try This New Game with all your loved ones at your Wedding Haldi or Carnival ✨🎉♥️ . . . . . 📍 @anantarajaipur @tajcidadedegoaEvent Planners at Anantara Jaipur (@weddingkalakaar ) Event Planners at Taj Cidade De Goa(@simplyprettyplanner…","Signed-in Chrome; public post comments","Retained in the full list; not selected as a hosting testimonial."
"Instagram","shankujajoshi","Amazing beta ❤️🔥🙌","Other public comment","No","29w","https://instagram.com/p/DWGqxk8EZda/c/18008089703846618/","1","2026-10-09T14:34:59.698Z","18008089703846618","https://instagram.com/p/DWGqxk8EZda/c/18008089703846618/","https://www.instagram.com/p/DWGqxk8EZda/","Try this new game at your Wedding Haldi or Carnival 🎡♥️✨ . .@simplyprettyplanners @weddingkalakaar@tajcidadedegoa @anantarajaipur@thesocial_wedding @ankushh.4 @reeltales_. . .#fyp #viral #reels #game #wedding. . . . . No copyright infri…","Signed-in Chrome; public post comments","Retained in the full list; not selected as a hosting testimonial."
"Instagram","shankujajoshi","👌👌👏👏","Reaction","No","29w","https://instagram.com/p/DV_f7-JEVZL/c/17865873561599997/","1","2026-10-09T14:35:01.988Z","17865873561599997","https://instagram.com/p/DV_f7-JEVZL/c/17865873561599997/","https://www.instagram.com/p/DV_f7-JEVZL/","It’s written in the stars ✨ Anurag ❤️ Devika, a match made in heaven.♥️ . . . . Couple- @its_devikanurag ♥️ Bride- @the_devika ✨ Groom- @anuraggk ✨ Choreography- @xtremedancecompany @i_rajatmishra @sanjanajaiswal128 ✨ Venue- @anantarajai…","Signed-in Chrome; public post comments","Retained in the full list; not selected as a testimonial."
"Instagram","shankujajoshi","❤️🔥","Reaction","No","36w","https://instagram.com/p/DT5USqOknUA/c/18081832289227025/","","2026-10-09T14:36:53.203Z","18081832289227025","https://instagram.com/p/DT5USqOknUA/c/18081832289227025/","https://www.instagram.com/p/DT5USqOknUA/","Kya lagta hai aapko, SHRIKHAND kaha milta hai??? Play this game at a 2 States Wedding ♥️ . . . Anchor/Emcee- @yourdreamanchorBRIDE - @dhriti.s.patilGROOM- @sahil.s.patilVenue - @thecliffpanchgani. . . . .. . . . . . . .#viral #game #wedd…","Signed-in Chrome; public post comments","Retained in the full list; not selected as a testimonial."
"Instagram","shardasatishshenoy","❤️","Reaction","No","12w","https://instagram.com/p/DapSvCgIIWK/c/17897838474538050/","","2026-10-09T14:33:38.807Z","17897838474538050","https://instagram.com/p/DapSvCgIIWK/c/17897838474538050/","https://www.instagram.com/p/DapSvCgIIWK/","Where rituals meet laughter and games create memories. 💛✨ . Event Planned & Executed by - @vogueeventsofficial_ @vishal.rohira_Bride @shloka.chauhanGroom @hridaaychauhan. . (Haldi decor, Haldi ceremony, Haldi vibes, Haldi outfit, turmer…","Signed-in Chrome; public post comments","Retained in the full list; not selected as a testimonial."
"Instagram","shaw_madhu","👏👏","Reaction","No","2024-12-17T06:44:19.000Z","https://www.instagram.com/reel/DCy1D-3o_Kf/","1","2026-10-08T14:27:23.000Z","17874189192230954","https://www.instagram.com/reel/DCy1D-3o_Kf/","https://www.instagram.com/reel/DCy1D-3o_Kf/","New Game Alert! 🚨 🔔 ‼️ 
Guess the Bollywood movies by their English translation! 
.
.
.
.
.
Bride- @sphoortify 
Groom- @adi_11_sharma 
Event by - @six_sigma_weddings 
Venue- @shoonyafarmretreat 
Photography- @prajwal_danashetty 
.
.
.
…","Saved public Instagram metadata; not freshly verified","Retained in the full list; not selected as a testimonial."
"Instagram","shilpi.aggarwal.399","This is also very nice!!hoola hoop chahiye","Other public comment","No","2024-12-24T00:51:09.000Z","https://www.instagram.com/reel/DCy1D-3o_Kf/","1","2026-10-08T14:27:23.000Z","17997998531718866","https://www.instagram.com/reel/DCy1D-3o_Kf/","https://www.instagram.com/reel/DCy1D-3o_Kf/","New Game Alert! 🚨 🔔 ‼️ 
Guess the Bollywood movies by their English translation! 
.
.
.
.
.
Bride- @sphoortify 
Groom- @adi_11_sharma 
Event by - @six_sigma_weddings 
Venue- @shoonyafarmretreat 
Photography- @prajwal_danashetty 
.
.
.
…","Saved public Instagram metadata; not freshly verified","Retained in the full list; not selected as a hosting testimonial."
"Instagram","shubhamisunfiltered","💛💛💛✨️","Reaction","No","37w","https://instagram.com/p/DTnm_WZkQP8/c/18113620387537871/","1","2026-10-09T14:36:56.170Z","18113620387537871","https://instagram.com/p/DTnm_WZkQP8/c/18113620387537871/","https://www.instagram.com/p/DTnm_WZkQP8/","Draped in yellow, wrapped in royalty 💛 Hosted the beautiful Haldi of Aditya ( @aa.dit.yuh ) & Sonika ( @sonikathakur_03 ) at the majestic Amar Mahal, Orchha (MP) (@amar_mahal ) where traditions, laughter, and love came together in the m…","Signed-in Chrome; public post comments","Retained in the full list; not selected as a testimonial."
"Instagram","simplyprettyplanners","❤️❤️❤️❤️","Reaction","No","2026-07-28T01:24:29.000Z","https://instagram.com/p/DbTWkk1RiP4/c/18485397340101142/","0","2026-10-09T14:31:30.496Z","18485397340101142","https://instagram.com/p/DbTWkk1RiP4/c/18485397340101142/","https://www.instagram.com/p/DbTWkk1RiP4/","From the bustling streets of Mumbai to the serene hills of Dehradun, this Haldi celebration was nothing short of magical 💛🌼 Pleasure hosting this one for Rishab & Riddhi ✨😇 . . . . . . . . . . . . . .#anchor #dehradun #wedding #fyp #e…","Signed-in Chrome; public post comments","Retained in the full list; not selected as a testimonial."
"Instagram","simplyprettyplanners","🔥🔥","Reaction","No","32w","https://instagram.com/p/DVQ0EDnkrB4/c/18083426219192125/","1","2026-10-09T14:36:32.443Z","18083426219192125","https://instagram.com/p/DVQ0EDnkrB4/c/18083426219192125/","https://www.instagram.com/p/DVQ0EDnkrB4/","New Game Alert 🚨 ‼️ 🔔 Get the Coloured Prop mentioned in the Bollywood Song.#yourdreamanchor #art #explore #viral #game. . . . . . [ Bollywood, Crazy Fun, Shadi Vibes, Funny, Comedy, Engaging, fun times, Anchor for weddings, Wedding An…","Signed-in Chrome; public post comments","Retained in the full list; not selected as a testimonial."
"Instagram","sirius_bookster","Location please","Question or request","No","9w","https://instagram.com/p/DY7vGPBtAnv/c/17970355370932758/","","2026-10-09T14:34:00.439Z","17970355370932758","https://instagram.com/p/DY7vGPBtAnv/c/17970355370932758/","https://www.instagram.com/p/DY7vGPBtAnv/","Coffee estates, cloudy skies & peace we didn’t know we needed 🌿✨ . . . . . . .#sakleshpur #trip #travel #life #love","Signed-in Chrome; public post comments","Retained in the full list; not selected as a testimonial."
"Instagram","snehahahahuh","Heroine ki entry 😍😍❤️","Other public comment","No","18w","https://instagram.com/p/DZFvyC9NqSU/c/17879862048599854/","2","2026-10-09T14:33:58.590Z","17879862048599854","https://instagram.com/p/DZFvyC9NqSU/c/17879862048599854/","https://www.instagram.com/p/DZFvyC9NqSU/","PoV: Aayi hai woh banke teri dulhaniya 💛 . . . Bride - @purvanergyGroom - @vaibhav_andhereCouple - @vp.wanderlovePlanners - @vogueeventsofficial_Photography - @clickographyAnchor - @yourdreamanchorChoreography and concept - @xtremedance…","Signed-in Chrome; public post comments","Retained in the full list; not selected as a hosting testimonial."
"Instagram","snehal.18.desai","Congratulations ❤️","Other public comment","No","24w","https://instagram.com/p/DXWObTEEc-h/c/18099392855061123/","1","2026-10-09T14:34:12.978Z","18099392855061123","https://instagram.com/p/DXWObTEEc-h/c/18099392855061123/","https://www.instagram.com/p/DXWObTEEc-h/","Wife said Kia, I agreed ♥️🧿 Kia Seltos, straight from heart 💝✨ . . . . . .#newcar #kia #seltos #couple #love","Signed-in Chrome; public post comments","Retained in the full list; not selected as a hosting testimonial."
"Instagram","somesh_khatawe","Congratulations 🎊🎉","Other public comment","No","23w","https://instagram.com/p/DXlLc0Ik-oV/c/18078011510304964/","1","2026-10-09T14:34:09.302Z","18078011510304964","https://instagram.com/p/DXlLc0Ik-oV/c/18078011510304964/","https://www.instagram.com/p/DXlLc0Ik-oV/","Built on dreams, driven with LOVE ❤️✨ Manifesting Big Dreams Alongside You ✨♥️ . . . . . . . .#newcar #cardelivery #kiaseltos #kia #car","Signed-in Chrome; public post comments","Retained in the full list; not selected as a hosting testimonial."
"Instagram","sonali_sarangi_95","Movie name plz","Question or request","No","2025-02-24T11:12:16.000Z","https://www.instagram.com/reel/DCy1D-3o_Kf/","0","2026-10-08T14:27:23.000Z","18099302284507311","https://www.instagram.com/reel/DCy1D-3o_Kf/","https://www.instagram.com/reel/DCy1D-3o_Kf/","New Game Alert! 🚨 🔔 ‼️ 
Guess the Bollywood movies by their English translation! 
.
.
.
.
.
Bride- @sphoortify 
Groom- @adi_11_sharma 
Event by - @six_sigma_weddings 
Venue- @shoonyafarmretreat 
Photography- @prajwal_danashetty 
.
.
.
…","Saved public Instagram metadata; not freshly verified","Retained in the full list; not selected as a testimonial."
"Instagram","sonikathakur_03","🔥","Reaction","No","38w","https://instagram.com/p/DTVrrtZko90/c/17900857758203833/","1","2026-10-09T14:37:01.853Z","17900857758203833","https://instagram.com/p/DTVrrtZko90/c/17900857758203833/","https://www.instagram.com/p/DTVrrtZko90/","@rupaliandnaman ♥️ Big beats. Bigger smiles. Biggest vibe. 🎡✨ Naman ( @nm.m1604 ) & Rupali’s ( @rupalilekhi ) carnival hosted by ( @yourdreamanchor ) at Golden Amoon Resort, Bengaluru( @goldenamoonresortandspa )shot by @ties_and_bonds ♥…","Signed-in Chrome; public post comments","Retained in the full list; not selected as a testimonial."
"Instagram","soumya.patil","Way to go Akshay ! Congratulations on all the amazing things you do ✨🥂☺️","Other public comment","No","38w","https://instagram.com/p/DTdAwZ_mBOy/c/18049648157478152/","1","2026-10-09T14:36:58.115Z","18049648157478152","https://instagram.com/p/DTdAwZ_mBOy/c/18049648157478152/","https://www.instagram.com/p/DTdAwZ_mBOy/","Every fall teaches. Every doubt shapes belief. The journey isn’t straight, but persistence is what makes history. 10 years of professional anchoring! 🎤 Your Dream Anchor ♥️ . . . .#10years #grateful #anchor #anchoring #anchoring🎤 #emce…","Signed-in Chrome; public post comments","Retained in the full list; not selected as a hosting testimonial."
"Instagram","suhamshinde","Congratulations 🔥","Other public comment","No","23w","https://instagram.com/p/DXlLc0Ik-oV/c/18106942478308847/","1","2026-10-09T14:34:09.302Z","18106942478308847","https://instagram.com/p/DXlLc0Ik-oV/c/18106942478308847/","https://www.instagram.com/p/DXlLc0Ik-oV/","Built on dreams, driven with LOVE ❤️✨ Manifesting Big Dreams Alongside You ✨♥️ . . . . . . . .#newcar #cardelivery #kiaseltos #kia #car","Signed-in Chrome; public post comments","Retained in the full list; not selected as a hosting testimonial."
"Instagram","suhani_mittal11","Soo cute ❤️","Other public comment","No","28w","https://instagram.com/p/DWJl9ONjIT0/c/17939345157178748/","","2026-10-09T14:34:55.758Z","17939345157178748","https://instagram.com/p/DWJl9ONjIT0/c/17939345157178748/","https://www.instagram.com/p/DWJl9ONjIT0/","Anchor ne bola tarif karo… Unhone bola zabardasti hai… Par phir bhi dil se bol diya ❤️😂#uncutmoments #realemotions #indianwedding #weddingreelsindia #husbandwife","Signed-in Chrome; public post comments","Retained in the full list; not selected as a hosting testimonial."
"Instagram","suhani_mittal11","😍😍","Reaction","No","37w","https://instagram.com/p/DTp6FGVDKuB/c/18081487237966883/","","2026-10-09T14:36:54.385Z","18081487237966883","https://instagram.com/p/DTp6FGVDKuB/c/18081487237966883/","https://www.instagram.com/p/DTp6FGVDKuB/","💛 Haldi, Hasi aur Full Desi Masti 💃🕺 Haldi ho aur mood full party wala na ho… aisa kaise ho sakta hai? 💛🔥 Color bombs, crazy games aur family ki full on masti — yeh moment sirf shaadi ka part nahi, yaadein ban jaata hai 😍✨#DesiGirl…","Signed-in Chrome; public post comments","Retained in the full list; not selected as a testimonial."
"Instagram","sujal.sj","😍😍","Reaction","No","27w","https://instagram.com/p/DWcBaABkd6V/c/18521199886072775/","1","2026-10-09T14:34:16.169Z","18521199886072775","https://instagram.com/p/DWcBaABkd6V/c/18521199886072775/","https://www.instagram.com/p/DWcBaABkd6V/","","Signed-in Chrome; public post comments","Retained in the full list; not selected as a testimonial."
"Instagram","sujalsolanki0710","Arey guru ji aap! 🙏🏻😂","Other public comment","No","30w","https://instagram.com/p/DViIbFxkYnW/c/18122492998599754/","1","2026-10-09T14:35:08.827Z","18122492998599754","https://instagram.com/p/DViIbFxkYnW/c/18122492998599754/","https://www.instagram.com/p/DViIbFxkYnW/","📍 @lacabanaresortFor amoghkatwe & @aishwarya_prabhu wedding✨ . . Shot by - @evarafilms.in ❤️ . .#goa #wedding #haldi #viral #fyp. . . . . . . . . . . . . . . . . . . . . . . . . ( Goa Wedding Mumbai Pune Lonavala Igatpuri Anchor Emcee M…","Signed-in Chrome; public post comments","Retained in the full list; not selected as a hosting testimonial."
"Instagram","sunita__1904","🔥❤️","Reaction","No","11w","https://instagram.com/p/Da-zSrdzqld/c/18071593289425368/","1","2026-10-09T14:32:23.859Z","18071593289425368","https://instagram.com/p/Da-zSrdzqld/c/18071593289425368/","https://www.instagram.com/p/Da-zSrdzqld/","🚨 NEW GAME ALERT! 🚨 Comment “List” to get the entire list of 3 words & the movies. Warning: This one is guaranteed to bring out the competitive side of your guests! 😂🔥 Less awkward silence. More laughter. More chaos. More unforgettab…","Signed-in Chrome; public post comments","Retained in the full list; not selected as a testimonial."
"Instagram","surajmishra.x","❤️❤️🔥","Reaction","No","28w","https://instagram.com/p/DWHBwMbBkNZ/c/18099456872312654/","1","2026-10-09T14:34:57.759Z","18099456872312654","https://instagram.com/p/DWHBwMbBkNZ/c/18099456872312654/","https://www.instagram.com/p/DWHBwMbBkNZ/","Try This New Game with all your loved ones at your Wedding Haldi or Carnival ✨🎉♥️ . . . . . 📍 @anantarajaipur @tajcidadedegoaEvent Planners at Anantara Jaipur (@weddingkalakaar ) Event Planners at Taj Cidade De Goa(@simplyprettyplanner…","Signed-in Chrome; public post comments","Retained in the full list; not selected as a testimonial."
"Instagram","surajpshinde","😍😍","Reaction","No","11w","https://instagram.com/p/DbD4kYbzDNW/c/18118751719669573/","1","2026-10-09T14:32:20.133Z","18118751719669573","https://instagram.com/p/DbD4kYbzDNW/c/18118751719669573/","https://www.instagram.com/p/DbD4kYbzDNW/","A sangeet done right starts with crazy energy and ends with happy hearts taking over the dance floor. 🪩🔥💃🏼 Wedding content creator - @theshaadisociall#sangeetdance #wedding #weddingcontentcreator #trendingreel","Signed-in Chrome; public post comments","Retained in the full list; not selected as a testimonial."
"Instagram","surjeetraizada","Great 👍 👌","Other public comment","No","11w","https://instagram.com/p/DbD4kYbzDNW/c/18110462959989093/","1","2026-10-09T14:32:20.133Z","18110462959989093","https://instagram.com/p/DbD4kYbzDNW/c/18110462959989093/","https://www.instagram.com/p/DbD4kYbzDNW/","A sangeet done right starts with crazy energy and ends with happy hearts taking over the dance floor. 🪩🔥💃🏼 Wedding content creator - @theshaadisociall#sangeetdance #wedding #weddingcontentcreator #trendingreel","Signed-in Chrome; public post comments","Retained in the full list; not selected as a hosting testimonial."
"Instagram","swarnashree_suresh","Which location","Question or request","No","14w","https://instagram.com/p/DY7vGPBtAnv/c/18042266168610058/","1","2026-10-09T14:34:00.439Z","18042266168610058","https://instagram.com/p/DY7vGPBtAnv/c/18042266168610058/","https://www.instagram.com/p/DY7vGPBtAnv/","Coffee estates, cloudy skies & peace we didn’t know we needed 🌿✨ . . . . . . .#sakleshpur #trip #travel #life #love","Signed-in Chrome; public post comments","Retained in the full list; not selected as a testimonial."
"Instagram","tanayaapte","🔥🔥🔥","Reaction","No","23w","https://instagram.com/p/DXrPFjdNk0P/c/17972174832041934/","1","2026-10-09T14:34:07.461Z","17972174832041934","https://instagram.com/p/DXrPFjdNk0P/c/17972174832041934/","https://www.instagram.com/p/DXrPFjdNk0P/","Making sure after parties last till sunrise 😮‍💨 . . . Couple @vaibhav_andhere @vp.wanderloveDJ @vdjsoul & team Event Team @vogueeventsofficial_ @vishal.rohira_ @hhriithiikkAnchor @yourdreamanchorVenue @tropicalretreatigatpuri. . . [ af…","Signed-in Chrome; public post comments","Retained in the full list; not selected as a testimonial."
"Instagram","tassu2808","Too good","Other public comment","No","2024-12-28T04:00:38.000Z","https://www.instagram.com/reel/DCy1D-3o_Kf/","1","2026-10-08T14:27:23.000Z","18287312545171371","https://www.instagram.com/reel/DCy1D-3o_Kf/","https://www.instagram.com/reel/DCy1D-3o_Kf/","New Game Alert! 🚨 🔔 ‼️ 
Guess the Bollywood movies by their English translation! 
.
.
.
.
.
Bride- @sphoortify 
Groom- @adi_11_sharma 
Event by - @six_sigma_weddings 
Venue- @shoonyafarmretreat 
Photography- @prajwal_danashetty 
.
.
.
…","Saved public Instagram metadata; not freshly verified","Retained in the full list; not selected as a hosting testimonial."
"Instagram","tejukonduskar","Congratulations 🥳","Other public comment","No","24w","https://instagram.com/p/DXWObTEEc-h/c/18096193949173318/","1","2026-10-09T14:34:12.978Z","18096193949173318","https://instagram.com/p/DXWObTEEc-h/c/18096193949173318/","https://www.instagram.com/p/DXWObTEEc-h/","Wife said Kia, I agreed ♥️🧿 Kia Seltos, straight from heart 💝✨ . . . . . .#newcar #kia #seltos #couple #love","Signed-in Chrome; public post comments","Retained in the full list; not selected as a hosting testimonial."
"Instagram","tharini_arun","Location","Question or request","No","12w","https://instagram.com/p/DaIaQvCxEGW/c/17890725657578678/","1","2026-10-09T14:33:54.605Z","17890725657578678","https://instagram.com/p/DaIaQvCxEGW/c/17890725657578678/","https://www.instagram.com/p/DaIaQvCxEGW/","Imagine Waking Up To This View ✨🤌🏼 . . . . . . . . . . . . . .#trip #love #travel #staycation #resort","Signed-in Chrome; public post comments","Retained in the full list; not selected as a testimonial."
"Instagram","thatbrowngirl__rids","🔥🔥 the energy!!!","Other public comment","No","18w","https://instagram.com/p/DZFvyC9NqSU/c/18163656316436306/","1","2026-10-09T14:33:58.590Z","18163656316436306","https://instagram.com/p/DZFvyC9NqSU/c/18163656316436306/","https://www.instagram.com/p/DZFvyC9NqSU/","PoV: Aayi hai woh banke teri dulhaniya 💛 . . . Bride - @purvanergyGroom - @vaibhav_andhereCouple - @vp.wanderlovePlanners - @vogueeventsofficial_Photography - @clickographyAnchor - @yourdreamanchorChoreography and concept - @xtremedance…","Signed-in Chrome; public post comments","Retained in the full list; not selected as a hosting testimonial."
"Instagram","thatbrowngirl__rids","Dreamyyyy 🔥❤️","Other public comment","No","29w","https://instagram.com/p/DV81AG9k7Vs/c/18084450065201089/","1","2026-10-09T14:35:03.284Z","18084450065201089","https://instagram.com/p/DV81AG9k7Vs/c/18084450065201089/","https://www.instagram.com/p/DV81AG9k7Vs/","Every wedding has a story, but this one will stay in our hearts forever! ❤️ A night, whole Jaipur will remember! 🔥 The energy, the excitement, the grandeur and everything in between ✨ Celebrations like these remind us why we love creati…","Signed-in Chrome; public post comments","Retained in the full list; not selected as a hosting testimonial."
"Instagram","the_devika","❤️🙌","Reaction","No","29w","https://instagram.com/p/DV_f7-JEVZL/c/17885939022356754/","1","2026-10-09T14:35:01.988Z","17885939022356754","https://instagram.com/p/DV_f7-JEVZL/c/17885939022356754/","https://www.instagram.com/p/DV_f7-JEVZL/","It’s written in the stars ✨ Anurag ❤️ Devika, a match made in heaven.♥️ . . . . Couple- @its_devikanurag ♥️ Bride- @the_devika ✨ Groom- @anuraggk ✨ Choreography- @xtremedancecompany @i_rajatmishra @sanjanajaiswal128 ✨ Venue- @anantarajai…","Signed-in Chrome; public post comments","Retained in the full list; not selected as a testimonial."
"Instagram","the_devika","❤️❤️❤️👏👏👏","Reaction","No","29w","https://instagram.com/p/DV81AG9k7Vs/c/17984976830975490/","1","2026-10-09T14:35:03.284Z","17984976830975490","https://instagram.com/p/DV81AG9k7Vs/c/17984976830975490/","https://www.instagram.com/p/DV81AG9k7Vs/","Every wedding has a story, but this one will stay in our hearts forever! ❤️ A night, whole Jaipur will remember! 🔥 The energy, the excitement, the grandeur and everything in between ✨ Celebrations like these remind us why we love creati…","Signed-in Chrome; public post comments","Retained in the full list; not selected as a testimonial."
"Instagram","the_realgirl_chinmayee","🔥🔥","Reaction","No","32w","https://instagram.com/p/DVQ0EDnkrB4/c/18110766733671226/","1","2026-10-09T14:36:32.443Z","18110766733671226","https://instagram.com/p/DVQ0EDnkrB4/c/18110766733671226/","https://www.instagram.com/p/DVQ0EDnkrB4/","New Game Alert 🚨 ‼️ 🔔 Get the Coloured Prop mentioned in the Bollywood Song.#yourdreamanchor #art #explore #viral #game. . . . . . [ Bollywood, Crazy Fun, Shadi Vibes, Funny, Comedy, Engaging, fun times, Anchor for weddings, Wedding An…","Signed-in Chrome; public post comments","Retained in the full list; not selected as a testimonial."
"Instagram","therealratan","Happy for you n fam Alshay❤️❤️","Other public comment","No","24w","https://instagram.com/p/DXWObTEEc-h/c/18576767086056134/","2","2026-10-09T14:34:12.978Z","18576767086056134","https://instagram.com/p/DXWObTEEc-h/c/18576767086056134/","https://www.instagram.com/p/DXWObTEEc-h/","Wife said Kia, I agreed ♥️🧿 Kia Seltos, straight from heart 💝✨ . . . . . .#newcar #kia #seltos #couple #love","Signed-in Chrome; public post comments","Retained in the full list; not selected as a hosting testimonial."
"Instagram","therealratan","Kya kehne veerey 🔥🔥","Other public comment","No","28w","https://instagram.com/p/DWVerFgmKt5/c/18172447300399282/","1","2026-10-09T14:34:53.892Z","18172447300399282","https://instagram.com/p/DWVerFgmKt5/c/18172447300399282/","https://www.instagram.com/p/DWVerFgmKt5/","Give me a mic, and I’ll give you a time to remember 🔥 . . . Bride- @rupalilekhiGroom- @nm.m1604Venue - @goldenamoonresortandspaEvent by - @redcarpet.theweddingloungePhotography by- @ties_and_bonds. . . .#bangalore #bengaluru #anchor #em…","Signed-in Chrome; public post comments","Retained in the full list; not selected as a hosting testimonial."
"Instagram","urviminda","❤️❤️❤️❤️","Reaction","No","30w","https://instagram.com/p/DVlVgHMEhV9/c/17986932422950051/","1","2026-10-09T14:35:05.008Z","17986932422950051","https://instagram.com/p/DVlVgHMEhV9/c/17986932422950051/","https://www.instagram.com/p/DVlVgHMEhV9/","You just didn’t win the game but her heart as well! BTS Reel by @wedmebts for @bubblesoflove__👰‍♀️ @richa_agrawal23🤵‍♂️ @minda_vaibhavWedding Planner @f5weddingsAnchor @yourdreamanchor. . . . .#wedding #game #shaadi #fun #moments #reel…","Signed-in Chrome; public post comments","Retained in the full list; not selected as a testimonial."
"Instagram","urviminda","Bahuraniii for reallll","Other public comment","No","30w","https://instagram.com/p/DVlVgHMEhV9/c/17902762572222110/","2","2026-10-09T14:35:05.008Z","17902762572222110","https://instagram.com/p/DVlVgHMEhV9/c/17902762572222110/","https://www.instagram.com/p/DVlVgHMEhV9/","You just didn’t win the game but her heart as well! BTS Reel by @wedmebts for @bubblesoflove__👰‍♀️ @richa_agrawal23🤵‍♂️ @minda_vaibhavWedding Planner @f5weddingsAnchor @yourdreamanchor. . . . .#wedding #game #shaadi #fun #moments #reel…","Signed-in Chrome; public post comments","Retained in the full list; not selected as a hosting testimonial."
"Instagram","v_a_r_u_n_0x","🔥","Reaction","No","10w","https://instagram.com/p/DbL8_vTkhsN/c/18052470701546892/","","2026-10-09T14:31:32.120Z","18052470701546892","https://instagram.com/p/DbL8_vTkhsN/c/18052470701546892/","https://www.instagram.com/p/DbL8_vTkhsN/","Bringing the energy, setting the mood, and keeping the night unforgettable. Honored to host such a night of pure magic! ✨ 🪩 . . . Captured by @evarafilms.in 💝 . . . . . . . .#fyp #explorepage✨ #art #artist #anchor","Signed-in Chrome; public post comments","Retained in the full list; not selected as a testimonial."
"Instagram","vaibhav_andhere","🔥♥️🫶🏽😮‍💨 ufffff","Other public comment","No","18w","https://instagram.com/p/DZFvyC9NqSU/c/18164200126449443/","1","2026-10-09T14:33:58.590Z","18164200126449443","https://instagram.com/p/DZFvyC9NqSU/c/18164200126449443/","https://www.instagram.com/p/DZFvyC9NqSU/","PoV: Aayi hai woh banke teri dulhaniya 💛 . . . Bride - @purvanergyGroom - @vaibhav_andhereCouple - @vp.wanderlovePlanners - @vogueeventsofficial_Photography - @clickographyAnchor - @yourdreamanchorChoreography and concept - @xtremedance…","Signed-in Chrome; public post comments","Retained in the full list; not selected as a hosting testimonial."
"Instagram","vaibhav_andhere","The boys played well! 🫶🏽♥️🫡","Other public comment","No","23w","https://instagram.com/p/DXuEysFCFVx/c/17975693111859474/","1","2026-10-09T14:34:05.768Z","17975693111859474","https://instagram.com/p/DXuEysFCFVx/c/17975693111859474/","https://www.instagram.com/p/DXuEysFCFVx/","The boys knew the assignment! 🔥 . . . Bride - @purvanergyGroom - @vaibhav_andhereCouple - @vp.wanderloveAnchor - @yourdreamanchorPlanners - @vogueeventsofficial_Photography - @clickographyChoreography - @xtremedancecompany. . [Bride, Gr…","Signed-in Chrome; public post comments","Retained in the full list; not selected as a hosting testimonial."
"Instagram","valerinaamanna","😍😍😍","Reaction","No","12w","https://instagram.com/p/Daxl9quhf8B/c/18616029628001717/","","2026-10-09T14:32:31.192Z","18616029628001717","https://instagram.com/p/Daxl9quhf8B/c/18616029628001717/","https://www.instagram.com/p/Daxl9quhf8B/","","Signed-in Chrome; public post comments","Retained in the full list; not selected as a testimonial."
"Instagram","valerinaamanna","🔥🔥🔥","Reaction","No","12w","https://instagram.com/p/Daxl9quhf8B/c/18003030281957906/","1","2026-10-09T14:32:31.192Z","18003030281957906","https://instagram.com/p/Daxl9quhf8B/c/18003030281957906/","https://www.instagram.com/p/Daxl9quhf8B/","","Signed-in Chrome; public post comments","Retained in the full list; not selected as a testimonial."
"Instagram","valerinaamanna","God bless you both abundantly ❤️","Other public comment","No","24w","https://instagram.com/p/DXWObTEEc-h/c/18127432258575299/","1","2026-10-09T14:34:12.978Z","18127432258575299","https://instagram.com/p/DXWObTEEc-h/c/18127432258575299/","https://www.instagram.com/p/DXWObTEEc-h/","Wife said Kia, I agreed ♥️🧿 Kia Seltos, straight from heart 💝✨ . . . . . .#newcar #kia #seltos #couple #love","Signed-in Chrome; public post comments","Retained in the full list; not selected as a hosting testimonial."
"Instagram","valerinaamanna","Heartiest Congratulations 😍😍😍","Other public comment","No","24w","https://instagram.com/p/DXWObTEEc-h/c/17891942127328837/","1","2026-10-09T14:34:12.978Z","17891942127328837","https://instagram.com/p/DXWObTEEc-h/c/17891942127328837/","https://www.instagram.com/p/DXWObTEEc-h/","Wife said Kia, I agreed ♥️🧿 Kia Seltos, straight from heart 💝✨ . . . . . .#newcar #kia #seltos #couple #love","Signed-in Chrome; public post comments","Retained in the full list; not selected as a hosting testimonial."
"Instagram","vanigoel22","❤️❤️","Reaction","No","28w","https://instagram.com/p/DWJl9ONjIT0/c/18094622789042701/","1","2026-10-09T14:34:55.758Z","18094622789042701","https://instagram.com/p/DWJl9ONjIT0/c/18094622789042701/","https://www.instagram.com/p/DWJl9ONjIT0/","Anchor ne bola tarif karo… Unhone bola zabardasti hai… Par phir bhi dil se bol diya ❤️😂#uncutmoments #realemotions #indianwedding #weddingreelsindia #husbandwife","Signed-in Chrome; public post comments","Retained in the full list; not selected as a testimonial."
"Instagram","varungalgali","Fantastic!","Other public comment","No","28w","https://instagram.com/p/DWVerFgmKt5/c/18004766237713256/","","2026-10-09T14:34:53.892Z","18004766237713256","https://instagram.com/p/DWVerFgmKt5/c/18004766237713256/","https://www.instagram.com/p/DWVerFgmKt5/","Give me a mic, and I’ll give you a time to remember 🔥 . . . Bride- @rupalilekhiGroom- @nm.m1604Venue - @goldenamoonresortandspaEvent by - @redcarpet.theweddingloungePhotography by- @ties_and_bonds. . . .#bangalore #bengaluru #anchor #em…","Signed-in Chrome; public post comments","Retained in the full list; not selected as a hosting testimonial."
"Instagram","varungalgali","Wish you even greater heights! Fly high darling!","Other public comment","No","38w","https://instagram.com/p/DTdAwZ_mBOy/c/18170759623377568/","","2026-10-09T14:36:58.115Z","18170759623377568","https://instagram.com/p/DTdAwZ_mBOy/c/18170759623377568/","https://www.instagram.com/p/DTdAwZ_mBOy/","Every fall teaches. Every doubt shapes belief. The journey isn’t straight, but persistence is what makes history. 10 years of professional anchoring! 🎤 Your Dream Anchor ♥️ . . . .#10years #grateful #anchor #anchoring #anchoring🎤 #emce…","Signed-in Chrome; public post comments","Retained in the full list; not selected as a hosting testimonial."
"Instagram","vasumita.mall_","❤️","Reaction","No","35w","https://instagram.com/p/DUJKxWJgAmm/c/18302399617275942/","4","2026-10-09T14:36:48.137Z","18302399617275942","https://instagram.com/p/DUJKxWJgAmm/c/18302399617275942/","https://www.instagram.com/p/DUJKxWJgAmm/","","Signed-in Chrome; public post comments","Retained in the full list; not selected as a testimonial."
"Instagram","vdjsoul","😍","Reaction","No","31w","https://instagram.com/p/DViU4qEiFii/c/18333147439174954/","","2026-10-09T14:35:06.787Z","18333147439174954","https://instagram.com/p/DViU4qEiFii/c/18333147439174954/","https://www.instagram.com/p/DViU4qEiFii/","Haldi moments that shine as bright as their love✨ . . Event Planned & Executed by - @vogueeventsofficial_ @vishal.rohira_Bride - @purvanergyGroom - @vaibhav_andhere. . (Haldi ceremony, wedding vibes, bride and groom, wedding squad, haldi…","Signed-in Chrome; public post comments","Retained in the full list; not selected as a testimonial."
"Instagram","vijit_nayak","🔥🔥🔥🔥🔥🔥","Reaction","No","2024-12-11T15:01:57.000Z","https://www.instagram.com/reel/DCy1D-3o_Kf/","2","2026-10-08T14:27:23.000Z","18028931264204605","https://www.instagram.com/reel/DCy1D-3o_Kf/","https://www.instagram.com/reel/DCy1D-3o_Kf/","New Game Alert! 🚨 🔔 ‼️ 
Guess the Bollywood movies by their English translation! 
.
.
.
.
.
Bride- @sphoortify 
Groom- @adi_11_sharma 
Event by - @six_sigma_weddings 
Venue- @shoonyafarmretreat 
Photography- @prajwal_danashetty 
.
.
.
…","Saved public Instagram metadata; not freshly verified","Retained in the full list; not selected as a testimonial."
"Instagram","vinay.va.agarwala","@richa_agrawal23 be ready for such jaw-dropping moments in the future😉","Other public comment","No","29w","https://instagram.com/p/DVlVgHMEhV9/c/18097612768958865/","1","2026-10-09T14:35:05.008Z","18097612768958865","https://instagram.com/p/DVlVgHMEhV9/c/18097612768958865/","https://www.instagram.com/p/DVlVgHMEhV9/","You just didn’t win the game but her heart as well! BTS Reel by @wedmebts for @bubblesoflove__👰‍♀️ @richa_agrawal23🤵‍♂️ @minda_vaibhavWedding Planner @f5weddingsAnchor @yourdreamanchor. . . . .#wedding #game #shaadi #fun #moments #reel…","Signed-in Chrome; public post comments","Retained in the full list; not selected as a hosting testimonial."
"Instagram","vishaka_minda","😂❤️","Reaction","No","30w","https://instagram.com/p/DVlVgHMEhV9/c/17902438218379667/","2","2026-10-09T14:35:05.008Z","17902438218379667","https://instagram.com/p/DVlVgHMEhV9/c/17902438218379667/","https://www.instagram.com/p/DVlVgHMEhV9/","You just didn’t win the game but her heart as well! BTS Reel by @wedmebts for @bubblesoflove__👰‍♀️ @richa_agrawal23🤵‍♂️ @minda_vaibhavWedding Planner @f5weddingsAnchor @yourdreamanchor. . . . .#wedding #game #shaadi #fun #moments #reel…","Signed-in Chrome; public post comments","Retained in the full list; not selected as a testimonial."
"Instagram","vishwa_12392","Congratulations 👏🔥","Other public comment","No","24w","https://instagram.com/p/DXWObTEEc-h/c/17948266590136691/","1","2026-10-09T14:34:12.978Z","17948266590136691","https://instagram.com/p/DXWObTEEc-h/c/17948266590136691/","https://www.instagram.com/p/DXWObTEEc-h/","Wife said Kia, I agreed ♥️🧿 Kia Seltos, straight from heart 💝✨ . . . . . .#newcar #kia #seltos #couple #love","Signed-in Chrome; public post comments","Retained in the full list; not selected as a hosting testimonial."
"Instagram","vowverse_","Funn🤩","Other public comment","No","2025-01-13T23:39:28.000Z","https://www.instagram.com/reel/C7ZxSazKZmH/","1","2026-10-08T14:27:35.000Z","17889040401170802","https://www.instagram.com/reel/C7ZxSazKZmH/","https://www.instagram.com/reel/C7ZxSazKZmH/","Fastest Finger First 🚨🚨🚨
.
.
.
Bride - @nehaupase96 
Groom- @vineeth.br10 
Venue - @mirayagreens_official 
Video by - @josh_vaishnavi 
Game Curated & Executed by - @akshayguitarbajanewala 
.
.
.
.
.
.
[ Bangalore weddings wedding shad…","Saved public Instagram metadata; not freshly verified","Retained in the full list; not selected as a hosting testimonial."
"Instagram","yourdreamanchor","From the bustling streets of Mumbai to the serene hills of Dehradun, this Haldi celebration was nothing short of magical 💛🌼 Pleasure hosting this one for Rishab & Riddhi ✨😇
.
.
.
.
.
.
.
.
.
.
.
.
.
.
#anchor #dehradun #wedding #fyp #explorepage✨","Brand comment","No","2026-07-27T16:07:16.000Z","https://instagram.com/p/DbTWkk1RiP4/c/18060902453761351/","1","2026-10-09T14:31:30.496Z","18060902453761351","https://instagram.com/p/DbTWkk1RiP4/c/18060902453761351/","https://www.instagram.com/p/DbTWkk1RiP4/","From the bustling streets of Mumbai to the serene hills of Dehradun, this Haldi celebration was nothing short of magical 💛🌼 Pleasure hosting this one for Rishab & Riddhi ✨😇 . . . . . . . . . . . . . .#anchor #dehradun #wedding #fyp #e…","Signed-in Chrome; public post comments","Retained in the full list; not selected as a testimonial."
"Instagram","yourdreamanchor","😍😍😍","Brand comment","No","11w","https://instagram.com/p/DbD4kYbzDNW/c/18061952984753719/","1","2026-10-09T14:32:20.133Z","18061952984753719","https://instagram.com/p/DbD4kYbzDNW/c/18061952984753719/","https://www.instagram.com/p/DbD4kYbzDNW/","A sangeet done right starts with crazy energy and ends with happy hearts taking over the dance floor. 🪩🔥💃🏼 Wedding content creator - @theshaadisociall#sangeetdance #wedding #weddingcontentcreator #trendingreel","Signed-in Chrome; public post comments","Retained in the full list; not selected as a testimonial."
"Instagram","yourdreamanchor","😍😍😍😍","Brand comment","No","12w","https://instagram.com/p/Da0XJpfK5WS/c/17924871840383057/","1","2026-10-09T14:32:27.226Z","17924871840383057","https://instagram.com/p/Da0XJpfK5WS/c/17924871840383057/","https://www.instagram.com/p/Da0XJpfK5WS/","If your haldi doesn’t sound like this, are you even doing it right? 💛✨ The loud cheers. The endless laughter. The hooting. The happy chaos. The people who love you the most celebrating without holding back. Because the most unforgettabl…","Signed-in Chrome; public post comments","Retained in the full list; not selected as a testimonial."
"Instagram","yourdreamanchor","😍😍😍","Brand comment","No","12w","https://instagram.com/p/Dap3A8-MsUo/c/17945958450232523/","","2026-10-09T14:32:36.701Z","17945958450232523","https://instagram.com/p/Dap3A8-MsUo/c/17945958450232523/","https://www.instagram.com/p/Dap3A8-MsUo/","Cheers to love that lights up every moment ✨🧿 . . Event Planned & Executed by - @vogueeventsofficial_ @vishal.rohira_Bride @shloka.chauhanGroom @hridaaychauhan. . (Sangeet decor, Sangeet ceremony, Sangeet vibes, Dance performances, Coup…","Signed-in Chrome; public post comments","Retained in the full list; not selected as a testimonial."
"Instagram","yourdreamanchor","😍😍😍❤️❤️❤️","Brand comment","No","12w","https://instagram.com/p/DapSvCgIIWK/c/18081896147237531/","","2026-10-09T14:33:38.807Z","18081896147237531","https://instagram.com/p/DapSvCgIIWK/c/18081896147237531/","https://www.instagram.com/p/DapSvCgIIWK/","Where rituals meet laughter and games create memories. 💛✨ . Event Planned & Executed by - @vogueeventsofficial_ @vishal.rohira_Bride @shloka.chauhanGroom @hridaaychauhan. . (Haldi decor, Haldi ceremony, Haldi vibes, Haldi outfit, turmer…","Signed-in Chrome; public post comments","Retained in the full list; not selected as a testimonial."
"Instagram","yourdreamanchor","Please share this reel to me to get the location details 😇💯","Brand comment","No","11w","https://instagram.com/p/DaIaQvCxEGW/c/18130522258627299/","1","2026-10-09T14:33:54.605Z","18130522258627299","https://instagram.com/p/DaIaQvCxEGW/c/18130522258627299/","https://www.instagram.com/p/DaIaQvCxEGW/","Imagine Waking Up To This View ✨🤌🏼 . . . . . . . . . . . . . .#trip #love #travel #staycation #resort","Signed-in Chrome; public post comments","Retained in the full list; not selected as a testimonial."
"Instagram","yourdreamanchor","Crazy🔥🔥🔥","Brand comment","No","23w","https://instagram.com/p/DXuEysFCFVx/c/18011566466848395/","2","2026-10-09T14:34:05.768Z","18011566466848395","https://instagram.com/p/DXuEysFCFVx/c/18011566466848395/","https://www.instagram.com/p/DXuEysFCFVx/","The boys knew the assignment! 🔥 . . . Bride - @purvanergyGroom - @vaibhav_andhereCouple - @vp.wanderloveAnchor - @yourdreamanchorPlanners - @vogueeventsofficial_Photography - @clickographyChoreography - @xtremedancecompany. . [Bride, Gr…","Signed-in Chrome; public post comments","Retained in the full list; not selected as a testimonial."
"Instagram","yourdreamanchor","😍😍😍","Brand comment","No","23w","https://instagram.com/p/DXuEysFCFVx/c/18127608739599427/","2","2026-10-09T14:34:05.768Z","18127608739599427","https://instagram.com/p/DXuEysFCFVx/c/18127608739599427/","https://www.instagram.com/p/DXuEysFCFVx/","The boys knew the assignment! 🔥 . . . Bride - @purvanergyGroom - @vaibhav_andhereCouple - @vp.wanderloveAnchor - @yourdreamanchorPlanners - @vogueeventsofficial_Photography - @clickographyChoreography - @xtremedancecompany. . [Bride, Gr…","Signed-in Chrome; public post comments","Retained in the full list; not selected as a testimonial."
"Instagram","yourdreamanchor","You killed it brother 🔥🔥🔥","Brand comment","No","23w","https://instagram.com/p/DXrPFjdNk0P/c/18359417863237855/","1","2026-10-09T14:34:07.461Z","18359417863237855","https://instagram.com/p/DXrPFjdNk0P/c/18359417863237855/","https://www.instagram.com/p/DXrPFjdNk0P/","Making sure after parties last till sunrise 😮‍💨 . . . Couple @vaibhav_andhere @vp.wanderloveDJ @vdjsoul & team Event Team @vogueeventsofficial_ @vishal.rohira_ @hhriithiikkAnchor @yourdreamanchorVenue @tropicalretreatigatpuri. . . [ af…","Signed-in Chrome; public post comments","Retained in the full list; not selected as a testimonial."
"Instagram","yourdreamanchor","🔥🔥🔥 crazy night","Brand comment","No","24w","https://instagram.com/p/DXb7Fu1k6Ps/c/17897489364286264/","1","2026-10-09T14:34:11.004Z","17897489364286264","https://instagram.com/p/DXb7Fu1k6Ps/c/17897489364286264/","https://www.instagram.com/p/DXb7Fu1k6Ps/","When your sangeet turns into a live concert 🎤✨ and suddenly everyone’s on their feet, lights flashing, music blasting, and the night feels too electric to ever slow down 💃🔥 Planning a sangeet that feels less like a function and more l…","Signed-in Chrome; public post comments","Retained in the full list; not selected as a testimonial."
"Instagram","yourdreamanchor","😍😍😍🔥🔥🔥","Brand comment","No","28w","https://instagram.com/p/DWJl9ONjIT0/c/18013685252831976/","1","2026-10-09T14:34:55.758Z","18013685252831976","https://instagram.com/p/DWJl9ONjIT0/c/18013685252831976/","https://www.instagram.com/p/DWJl9ONjIT0/","Anchor ne bola tarif karo… Unhone bola zabardasti hai… Par phir bhi dil se bol diya ❤️😂#uncutmoments #realemotions #indianwedding #weddingreelsindia #husbandwife","Signed-in Chrome; public post comments","Retained in the full list; not selected as a testimonial."
"Instagram","yourdreamanchor","Amazingly done @xtremedancecompany @i_rajatmishra @sanjanajaiswal128 🔥🔥🔥 You guys are the best ❤️","Brand comment","No","29w","https://instagram.com/p/DV81AG9k7Vs/c/17921198499269579/","1","2026-10-09T14:35:03.284Z","17921198499269579","https://instagram.com/p/DV81AG9k7Vs/c/17921198499269579/","https://www.instagram.com/p/DV81AG9k7Vs/","Every wedding has a story, but this one will stay in our hearts forever! ❤️ A night, whole Jaipur will remember! 🔥 The energy, the excitement, the grandeur and everything in between ✨ Celebrations like these remind us why we love creati…","Signed-in Chrome; public post comments","Retained in the full list; not selected as a testimonial."
"Instagram","yourdreamanchor","@the_devika & @its_devikanurag @anuraggk are the best dancers Period!🔥🙌👏❤️❤️❤️❤️♥️","Brand comment","No","29w","https://instagram.com/p/DV81AG9k7Vs/c/18001121918883566/","2","2026-10-09T14:35:03.284Z","18001121918883566","https://instagram.com/p/DV81AG9k7Vs/c/18001121918883566/","https://www.instagram.com/p/DV81AG9k7Vs/","Every wedding has a story, but this one will stay in our hearts forever! ❤️ A night, whole Jaipur will remember! 🔥 The energy, the excitement, the grandeur and everything in between ✨ Celebrations like these remind us why we love creati…","Signed-in Chrome; public post comments","Retained in the full list; not selected as a testimonial."
"Instagram","yourdreamanchor","What a fun time hosting this one 😍😍","Brand comment","No","30w","https://instagram.com/p/DVlVgHMEhV9/c/17878304655519913/","1","2026-10-09T14:35:05.008Z","17878304655519913","https://instagram.com/p/DVlVgHMEhV9/c/17878304655519913/","https://www.instagram.com/p/DVlVgHMEhV9/","You just didn’t win the game but her heart as well! BTS Reel by @wedmebts for @bubblesoflove__👰‍♀️ @richa_agrawal23🤵‍♂️ @minda_vaibhavWedding Planner @f5weddingsAnchor @yourdreamanchor. . . . .#wedding #game #shaadi #fun #moments #reel…","Signed-in Chrome; public post comments","Retained in the full list; not selected as a testimonial."
"Instagram","yourdreamanchor","😍😍😍","Brand comment","No","30w","https://instagram.com/p/DVlVgHMEhV9/c/18086285357260981/","1","2026-10-09T14:35:05.008Z","18086285357260981","https://instagram.com/p/DVlVgHMEhV9/c/18086285357260981/","https://www.instagram.com/p/DVlVgHMEhV9/","You just didn’t win the game but her heart as well! BTS Reel by @wedmebts for @bubblesoflove__👰‍♀️ @richa_agrawal23🤵‍♂️ @minda_vaibhavWedding Planner @f5weddingsAnchor @yourdreamanchor. . . . .#wedding #game #shaadi #fun #moments #reel…","Signed-in Chrome; public post comments","Retained in the full list; not selected as a testimonial."
"Instagram","yourdreamanchor","🔥🔥🔥","Brand comment","No","31w","https://instagram.com/p/DViU4qEiFii/c/18089830823274790/","","2026-10-09T14:35:06.787Z","18089830823274790","https://instagram.com/p/DViU4qEiFii/c/18089830823274790/","https://www.instagram.com/p/DViU4qEiFii/","Haldi moments that shine as bright as their love✨ . . Event Planned & Executed by - @vogueeventsofficial_ @vishal.rohira_Bride - @purvanergyGroom - @vaibhav_andhere. . (Haldi ceremony, wedding vibes, bride and groom, wedding squad, haldi…","Signed-in Chrome; public post comments","Retained in the full list; not selected as a testimonial."
"Instagram","yourdreamanchor","Someone has to tag Rebecca 😂","Brand comment","No","31w","https://instagram.com/p/DViIbFxkYnW/c/17965794783031835/","","2026-10-09T14:35:08.827Z","17965794783031835","https://instagram.com/p/DViIbFxkYnW/c/17965794783031835/","https://www.instagram.com/p/DViIbFxkYnW/","📍 @lacabanaresortFor amoghkatwe & @aishwarya_prabhu wedding✨ . . Shot by - @evarafilms.in ❤️ . .#goa #wedding #haldi #viral #fyp. . . . . . . . . . . . . . . . . . . . . . . . . ( Goa Wedding Mumbai Pune Lonavala Igatpuri Anchor Emcee M…","Signed-in Chrome; public post comments","Retained in the full list; not selected as a testimonial."
"Instagram","yourdreamanchor","Can’t wait @holi_in_the_woods 🙌🔥","Brand comment","No","32w","https://instagram.com/p/DVOhmDjExLr/c/17961451854058602/","","2026-10-09T14:36:34.062Z","17961451854058602","https://instagram.com/p/DVOhmDjExLr/c/17961451854058602/","https://www.instagram.com/p/DVOhmDjExLr/","Strangers turned tribe. Colours turned memories. Holi in the Woods — where we celebrated differently. For online bookings check link in bio. For bookings contact: +91 88618 80561 | +91 81497 42774","Signed-in Chrome; public post comments","Retained in the full list; not selected as a testimonial."
"Instagram","yourdreamanchor","❤️❤️❤️","Brand comment","No","32w","https://instagram.com/p/DVOhmDjExLr/c/17999692217879553/","","2026-10-09T14:36:34.062Z","17999692217879553","https://instagram.com/p/DVOhmDjExLr/c/17999692217879553/","https://www.instagram.com/p/DVOhmDjExLr/","Strangers turned tribe. Colours turned memories. Holi in the Woods — where we celebrated differently. For online bookings check link in bio. For bookings contact: +91 88618 80561 | +91 81497 42774","Signed-in Chrome; public post comments","Retained in the full list; not selected as a testimonial."
"Instagram","yourdreamanchor","❤️","Brand comment","No","35w","https://instagram.com/p/DUJKxWJgAmm/c/18556174288022510/","4","2026-10-09T14:36:48.137Z","18556174288022510","https://instagram.com/p/DUJKxWJgAmm/c/18556174288022510/","https://www.instagram.com/p/DUJKxWJgAmm/","","Signed-in Chrome; public post comments","Retained in the full list; not selected as a testimonial."
"Instagram","yourdreamanchor","❤️❤️❤️","Brand comment","No","36w","https://instagram.com/p/DUC5SHVDbkOV1C-SRgzL5tru_u27IRc_C0Sr4E0/c/18084210161150912/","","2026-10-09T14:36:49.759Z","18084210161150912","https://instagram.com/p/DUC5SHVDbkOV1C-SRgzL5tru_u27IRc_C0Sr4E0/c/18084210161150912/","https://www.instagram.com/p/DUC5SHVDbkOV1C-SRgzL5tru_u27IRc_C0Sr4E0/","","Signed-in Chrome; public post comments","Retained in the full list; not selected as a testimonial."
"Instagram","yourdreamanchor","❤️🔥🔥","Brand comment","No","37w","https://instagram.com/p/DTp6FGVDKuB/c/17859811935587922/","","2026-10-09T14:36:54.385Z","17859811935587922","https://instagram.com/p/DTp6FGVDKuB/c/17859811935587922/","https://www.instagram.com/p/DTp6FGVDKuB/","💛 Haldi, Hasi aur Full Desi Masti 💃🕺 Haldi ho aur mood full party wala na ho… aisa kaise ho sakta hai? 💛🔥 Color bombs, crazy games aur family ki full on masti — yeh moment sirf shaadi ka part nahi, yaadein ban jaata hai 😍✨#DesiGirl…","Signed-in Chrome; public post comments","Retained in the full list; not selected as a testimonial."
"Instagram","yourdreamanchor","Amazingly captured and edited 😍😍 you guys were too good @sukoonbyphotuvala ❤️🔥","Brand comment","No","38w","https://instagram.com/p/DTYQjWyktKj/c/18106328014674740/","2","2026-10-09T14:36:59.941Z","18106328014674740","https://instagram.com/p/DTYQjWyktKj/c/18106328014674740/","https://www.instagram.com/p/DTYQjWyktKj/","When Haldi turns into a Bollywood battlefield 🎬💛 Ladke wale vs Ladki wale in a super fun movie game! Non-stop laughs, loud cheers & crazy energy. Loved the vibe created by @yourdreamanchor","Signed-in Chrome; public post comments","Retained in the full list; not selected as a testimonial."
"YouTube","@akshaytakalkarr","Thank you soo much :) means a lot.","Brand comment","No","5 years ago","https://www.youtube.com/watch?v=rJuBjMgbXWA&lc=Ugz7U4qHiXskg4yU5sR4AaABAg.9O7ZvtSoAtw9OC-aU0ZCsH","","2026-10-09T15:01:39.365Z","Ugz7U4qHiXskg4yU5sR4AaABAg.9O7ZvtSoAtw9OC-aU0ZCsH","https://www.youtube.com/watch?v=rJuBjMgbXWA&lc=Ugz7U4qHiXskg4yU5sR4AaABAg.9O7ZvtSoAtw9OC-aU0ZCsH","https://www.youtube.com/watch?v=rJuBjMgbXWA","INDIAN WEDDING SANGEET NIGHT ANCHORING BY EMCEE AKSHAY TAKALKAR. EMCEE ART.","Public YouTube comments; verified in browser","Retained in the full list; not selected as a testimonial."
"YouTube","@anupkolhapurkar4599","🔥🔥🔥🔥","Reaction","No","4 years ago","https://www.youtube.com/watch?v=uKHUtFRtP_g&lc=UgxMb5HG5K70LGEFPLB4AaABAg&pp=0gcJCUsANpG00pGi","","2026-10-09T15:01:39.365Z","UgxMb5HG5K70LGEFPLB4AaABAg","https://www.youtube.com/watch?v=uKHUtFRtP_g&lc=UgxMb5HG5K70LGEFPLB4AaABAg&pp=0gcJCUsANpG00pGi","https://www.youtube.com/shorts/uKHUtFRtP_g","Best Wedding Sangeet Video | Best Wedding Anchor | Sangeet Sandhya | Best Viral Wedding","Public YouTube comments; verified in browser","Retained in the full list; not selected as a testimonial."
"YouTube","@anupkolhapurkar4599","🔥🔥🔥🔥","Reaction","No","4 years ago","https://www.youtube.com/watch?v=jaLuT0S8OV8&lc=Ugx66aC-kGTAEpvUpK94AaABAg","","2026-10-09T15:01:39.365Z","Ugx66aC-kGTAEpvUpK94AaABAg","https://www.youtube.com/watch?v=jaLuT0S8OV8&lc=Ugx66aC-kGTAEpvUpK94AaABAg","https://www.youtube.com/shorts/jaLuT0S8OV8","Best Wedding Haldi Anchor | Bhavesh weds Ritika | Haldi Ceremony | Big Fat Indian Wedding","Public YouTube comments; verified in browser","Retained in the full list; not selected as a testimonial."
"YouTube","@anupkolhapurkar4599","🔥🔥🔥","Reaction","No","4 years ago","https://www.youtube.com/watch?v=RVOmN5AxVuM&lc=UgxwyoVdwdBEE7EkIHV4AaABAg","","2026-10-09T15:01:39.365Z","UgxwyoVdwdBEE7EkIHV4AaABAg","https://www.youtube.com/watch?v=RVOmN5AxVuM&lc=UgxwyoVdwdBEE7EkIHV4AaABAg","https://www.youtube.com/shorts/RVOmN5AxVuM","ANCHOR/EMCEE AKSHAY INTERACTING WITH THE AUDIENCE @NUCLEYA SUB CINEMA BELGAUM","Public YouTube comments; verified in browser","Retained in the full list; not selected as a testimonial."
"YouTube","@babla834","Tumahar Wedding me hum anchor kare ga Babla bhai ","Other public comment","No","5 years ago","https://www.youtube.com/watch?v=oNsJlrkoCRs&lc=UgxNiDJdZvfN5KhDIup4AaABAg","1","2026-10-09T15:01:39.365Z","UgxNiDJdZvfN5KhDIup4AaABAg","https://www.youtube.com/watch?v=oNsJlrkoCRs&lc=UgxNiDJdZvfN5KhDIup4AaABAg","https://www.youtube.com/watch?v=oNsJlrkoCRs","#weddinganchor #indianweddings #sangeet Hosting the Reception of ABHISHEK & Jessy at Chancery Native","Public YouTube comments; verified in browser","Retained in the full list; not selected as a hosting testimonial."
"YouTube","@channappabolashetti2825","😍😍😍","Reaction","No","6 years ago","https://www.youtube.com/watch?v=2g1AQDDk6YA&lc=UgzRXNoSJiNA5hGRojx4AaABAg","","2026-10-09T15:01:39.365Z","UgzRXNoSJiNA5hGRojx4AaABAg","https://www.youtube.com/watch?v=2g1AQDDk6YA&lc=UgzRXNoSJiNA5hGRojx4AaABAg","https://www.youtube.com/watch?v=2g1AQDDk6YA","Emcee AKSHAY anchoring -SABHYATA♾KEVIN’s sangeet.","Public YouTube comments; verified in browser","Retained in the full list; not selected as a testimonial."
"YouTube","@Cool_Krishnaa","Superb Bro 🔥","Other public comment","No","4 years ago","https://www.youtube.com/watch?v=TzoFugiu4Go&lc=UgwfLTGNK2Vg-RrsR0h4AaABAg","","2026-10-09T15:01:39.365Z","UgwfLTGNK2Vg-RrsR0h4AaABAg","https://www.youtube.com/watch?v=TzoFugiu4Go&lc=UgwfLTGNK2Vg-RrsR0h4AaABAg","https://www.youtube.com/watch?v=TzoFugiu4Go","TARIKA WEDS DHRUV. INDIAN WEDDING ANCHOR HOSTING THE WEDDING OF #dhruvtara","Public YouTube comments; verified in browser","Retained in the full list; not selected as a hosting testimonial."
"YouTube","@diptitakalkar7859","Ek number","Other public comment","No","7 years ago","https://www.youtube.com/watch?v=YB4OJYAJeSs&lc=UgzFBorZCsXsmeWLUKB4AaABAg","2","2026-10-09T15:01:39.365Z","UgzFBorZCsXsmeWLUKB4AaABAg","https://www.youtube.com/watch?v=YB4OJYAJeSs&lc=UgzFBorZCsXsmeWLUKB4AaABAg","https://www.youtube.com/watch?v=YB4OJYAJeSs","BITS HYDERABAD PEARL-2019","Public YouTube comments; verified in browser","Retained in the full list; not selected as a hosting testimonial."
"YouTube","@jameelahmed4226","Superb Sir 👌🏻","Other public comment","No","4 years ago","https://www.youtube.com/watch?v=c9hWO9FN_e0&lc=Ugw1OIYOR0IfkebzJzt4AaABAg","","2026-10-09T15:01:39.365Z","Ugw1OIYOR0IfkebzJzt4AaABAg","https://www.youtube.com/watch?v=c9hWO9FN_e0&lc=Ugw1OIYOR0IfkebzJzt4AaABAg","https://www.youtube.com/watch?v=c9hWO9FN_e0","Indian Wedding Anchor sharing some fun lines with the bride & the groom’s family.","Public YouTube comments; verified in browser","Retained in the full list; not selected as a hosting testimonial."
"YouTube","@ladukubal820","Bless you .","Other public comment","No","6 years ago","https://www.youtube.com/watch?v=jgovBrZ2R_8&lc=UgwTEMpPkYzaDnJV-7l4AaABAg","1","2026-10-09T15:01:39.365Z","UgwTEMpPkYzaDnJV-7l4AaABAg","https://www.youtube.com/watch?v=jgovBrZ2R_8&lc=UgwTEMpPkYzaDnJV-7l4AaABAg","https://www.youtube.com/watch?v=jgovBrZ2R_8","EMCEE| ANCHOR| EDMCEE| QUARK'19| TOUR WITH GALA|","Public YouTube comments; verified in browser","Retained in the full list; not selected as a hosting testimonial."
"YouTube","@maherasanadi7623","<3 sahi hai Akshay bhai","Other public comment","No","6 years ago","https://www.youtube.com/watch?v=2g1AQDDk6YA&lc=UgwlwsBHoOFN-20d1ZB4AaABAg","","2026-10-09T15:01:39.365Z","UgwlwsBHoOFN-20d1ZB4AaABAg","https://www.youtube.com/watch?v=2g1AQDDk6YA&lc=UgwlwsBHoOFN-20d1ZB4AaABAg","https://www.youtube.com/watch?v=2g1AQDDk6YA","Emcee AKSHAY anchoring -SABHYATA♾KEVIN’s sangeet.","Public YouTube comments; verified in browser","Retained in the full list; not selected as a hosting testimonial."
"YouTube","@maheshpatil5708","Amazing","Other public comment","No","5 years ago","https://www.youtube.com/watch?v=rJuBjMgbXWA&lc=Ugxy3rTvhMl44AHrWjB4AaABAg","","2026-10-09T15:01:39.365Z","Ugxy3rTvhMl44AHrWjB4AaABAg","https://www.youtube.com/watch?v=rJuBjMgbXWA&lc=Ugxy3rTvhMl44AHrWjB4AaABAg","https://www.youtube.com/watch?v=rJuBjMgbXWA","INDIAN WEDDING SANGEET NIGHT ANCHORING BY EMCEE AKSHAY TAKALKAR. EMCEE ART.","Public YouTube comments; verified in browser","Retained in the full list; not selected as a hosting testimonial."
"YouTube","@marutibadgannavar4789","Classic","Other public comment","No","5 years ago","https://www.youtube.com/watch?v=rJuBjMgbXWA&lc=Ugy1yuiYzTe1YFPVHGl4AaABAg&pp=0gcJCUsANpG00pGi","","2026-10-09T15:01:39.365Z","Ugy1yuiYzTe1YFPVHGl4AaABAg","https://www.youtube.com/watch?v=rJuBjMgbXWA&lc=Ugy1yuiYzTe1YFPVHGl4AaABAg&pp=0gcJCUsANpG00pGi","https://www.youtube.com/watch?v=rJuBjMgbXWA","INDIAN WEDDING SANGEET NIGHT ANCHORING BY EMCEE AKSHAY TAKALKAR. EMCEE ART.","Public YouTube comments; verified in browser","Retained in the full list; not selected as a hosting testimonial."
"YouTube","@marutibadgannavar4789","Wow","Other public comment","No","5 years ago","https://www.youtube.com/watch?v=wkejhdQc0OM&lc=UgxZZU3JofUqFF7bgul4AaABAg","","2026-10-09T15:01:39.365Z","UgxZZU3JofUqFF7bgul4AaABAg","https://www.youtube.com/watch?v=wkejhdQc0OM&lc=UgxZZU3JofUqFF7bgul4AaABAg","https://www.youtube.com/watch?v=wkejhdQc0OM","#weddinganchor #indianweddings #sangeet EMCEE AKSHAY TAKALKAR HOSTING AT #RAJVEER SANGEET PROGRAM.","Public YouTube comments; verified in browser","Retained in the full list; not selected as a hosting testimonial."
"YouTube","@mohangaonkar472","Perfect!!","Other public comment","No","4 years ago","https://www.youtube.com/watch?v=c9hWO9FN_e0&lc=UgwBBGzgxxaA-Pj1Rb14AaABAg","","2026-10-09T15:01:39.365Z","UgwBBGzgxxaA-Pj1Rb14AaABAg","https://www.youtube.com/watch?v=c9hWO9FN_e0&lc=UgwBBGzgxxaA-Pj1Rb14AaABAg","https://www.youtube.com/watch?v=c9hWO9FN_e0","Indian Wedding Anchor sharing some fun lines with the bride & the groom’s family.","Public YouTube comments; verified in browser","Retained in the full list; not selected as a hosting testimonial."
"YouTube","@nirikshajames5860","Very nice work sir. Issa Impressive. The girls are absolutely beautiful. Keep posting more. Love from spain🔥✨","Other public comment","No","6 years ago","https://www.youtube.com/watch?v=2g1AQDDk6YA&lc=UgyBAhrhbFSGk832-rV4AaABAg","","2026-10-09T15:01:39.365Z","UgyBAhrhbFSGk832-rV4AaABAg","https://www.youtube.com/watch?v=2g1AQDDk6YA&lc=UgyBAhrhbFSGk832-rV4AaABAg","https://www.youtube.com/watch?v=2g1AQDDk6YA","Emcee AKSHAY anchoring -SABHYATA♾KEVIN’s sangeet.","Public YouTube comments; verified in browser","Retained in the full list; not selected as a hosting testimonial."
"YouTube","@rachanatakalkar.5890","💟","Reaction","No","6 years ago","https://www.youtube.com/watch?v=2g1AQDDk6YA&lc=UgzRw8IJ4RXeSFEvHTN4AaABAg","","2026-10-09T15:01:39.365Z","UgzRw8IJ4RXeSFEvHTN4AaABAg","https://www.youtube.com/watch?v=2g1AQDDk6YA&lc=UgzRw8IJ4RXeSFEvHTN4AaABAg","https://www.youtube.com/watch?v=2g1AQDDk6YA","Emcee AKSHAY anchoring -SABHYATA♾KEVIN’s sangeet.","Public YouTube comments; verified in browser","Retained in the full list; not selected as a testimonial."
"YouTube","@ravalbishnoi3373","Zabardast","Other public comment","No","5 years ago","https://www.youtube.com/watch?v=rJuBjMgbXWA&lc=UgyquwdEsheymE_X4AJ4AaABAg","","2026-10-09T15:01:39.365Z","UgyquwdEsheymE_X4AJ4AaABAg","https://www.youtube.com/watch?v=rJuBjMgbXWA&lc=UgyquwdEsheymE_X4AJ4AaABAg","https://www.youtube.com/watch?v=rJuBjMgbXWA","INDIAN WEDDING SANGEET NIGHT ANCHORING BY EMCEE AKSHAY TAKALKAR. EMCEE ART.","Public YouTube comments; verified in browser","Retained in the full list; not selected as a hosting testimonial."
"YouTube","@ravalbishnoi3373","Badhiya","Other public comment","No","5 years ago","https://www.youtube.com/watch?v=wkejhdQc0OM&lc=UgyaRvuhIA2RxXjxQ0V4AaABAg","","2026-10-09T15:01:39.365Z","UgyaRvuhIA2RxXjxQ0V4AaABAg","https://www.youtube.com/watch?v=wkejhdQc0OM&lc=UgyaRvuhIA2RxXjxQ0V4AaABAg","https://www.youtube.com/watch?v=wkejhdQc0OM","#weddinganchor #indianweddings #sangeet EMCEE AKSHAY TAKALKAR HOSTING AT #RAJVEER SANGEET PROGRAM.","Public YouTube comments; verified in browser","Retained in the full list; not selected as a hosting testimonial."
"YouTube","@rounakpurohit6656","Mind blowing..","Other public comment","No","5 years ago","https://www.youtube.com/watch?v=rJuBjMgbXWA&lc=UgxGkSMt-IYQkHu74gB4AaABAg","2","2026-10-09T15:01:39.365Z","UgxGkSMt-IYQkHu74gB4AaABAg","https://www.youtube.com/watch?v=rJuBjMgbXWA&lc=UgxGkSMt-IYQkHu74gB4AaABAg","https://www.youtube.com/watch?v=rJuBjMgbXWA","INDIAN WEDDING SANGEET NIGHT ANCHORING BY EMCEE AKSHAY TAKALKAR. EMCEE ART.","Public YouTube comments; verified in browser","Retained in the full list; not selected as a hosting testimonial."
"YouTube","@sakshivirani7180","🔥🔥","Reaction","No","5 years ago","https://www.youtube.com/watch?v=bvx57eCIqTQ&lc=Ugx4blS84CyMy2QZxkV4AaABAg","1","2026-10-09T15:01:39.365Z","Ugx4blS84CyMy2QZxkV4AaABAg","https://www.youtube.com/watch?v=bvx57eCIqTQ&lc=Ugx4blS84CyMy2QZxkV4AaABAg","https://www.youtube.com/watch?v=bvx57eCIqTQ","#WEDDINGANCHOR #WEDDING #INDIANWEDDINGS #EMCEE #HOST    NIDHI WEDS SUMER. #SUMEDHI","Public YouTube comments; verified in browser","Retained in the full list; not selected as a testimonial."
"YouTube","@sambhajibhangari1808","😍","Reaction","No","6 years ago","https://www.youtube.com/watch?v=2g1AQDDk6YA&lc=Ugy1PN2vyThYgaLh76F4AaABAg","","2026-10-09T15:01:39.365Z","Ugy1PN2vyThYgaLh76F4AaABAg","https://www.youtube.com/watch?v=2g1AQDDk6YA&lc=Ugy1PN2vyThYgaLh76F4AaABAg","https://www.youtube.com/watch?v=2g1AQDDk6YA","Emcee AKSHAY anchoring -SABHYATA♾KEVIN’s sangeet.","Public YouTube comments; verified in browser","Retained in the full list; not selected as a testimonial."
"YouTube","@singlovesmile9056","Too good 🥳","Other public comment","No","5 years ago","https://www.youtube.com/watch?v=bvx57eCIqTQ&lc=UgxgHjYNEqicg7GErSF4AaABAg","1","2026-10-09T15:01:39.365Z","UgxgHjYNEqicg7GErSF4AaABAg","https://www.youtube.com/watch?v=bvx57eCIqTQ&lc=UgxgHjYNEqicg7GErSF4AaABAg","https://www.youtube.com/watch?v=bvx57eCIqTQ","#WEDDINGANCHOR #WEDDING #INDIANWEDDINGS #EMCEE #HOST    NIDHI WEDS SUMER. #SUMEDHI","Public YouTube comments; verified in browser","Retained in the full list; not selected as a hosting testimonial."
"YouTube","@someshkhatawe3404","Nice ...Start vloging bro 😁😁","Other public comment","No","7 years ago","https://www.youtube.com/watch?v=jgovBrZ2R_8&lc=UgwAOD-9dUD6oUm9Pj14AaABAg","","2026-10-09T15:01:39.365Z","UgwAOD-9dUD6oUm9Pj14AaABAg","https://www.youtube.com/watch?v=jgovBrZ2R_8&lc=UgwAOD-9dUD6oUm9Pj14AaABAg","https://www.youtube.com/watch?v=jgovBrZ2R_8","EMCEE| ANCHOR| EDMCEE| QUARK'19| TOUR WITH GALA|","Public YouTube comments; verified in browser","Retained in the full list; not selected as a hosting testimonial."
"YouTube","@tabrezkhan64","Superb","Other public comment","No","5 years ago","https://www.youtube.com/watch?v=rJuBjMgbXWA&lc=UgzHlAlOt4behi2MqSB4AaABAg","","2026-10-09T15:01:39.365Z","UgzHlAlOt4behi2MqSB4AaABAg","https://www.youtube.com/watch?v=rJuBjMgbXWA&lc=UgzHlAlOt4behi2MqSB4AaABAg","https://www.youtube.com/watch?v=rJuBjMgbXWA","INDIAN WEDDING SANGEET NIGHT ANCHORING BY EMCEE AKSHAY TAKALKAR. EMCEE ART.","Public YouTube comments; verified in browser","Retained in the full list; not selected as a hosting testimonial."
"YouTube","@tabrezkhan64","Lovely","Other public comment","No","5 years ago","https://www.youtube.com/watch?v=wkejhdQc0OM&lc=UgyOELaQ0gRrViK6GHx4AaABAg","","2026-10-09T15:01:39.365Z","UgyOELaQ0gRrViK6GHx4AaABAg","https://www.youtube.com/watch?v=wkejhdQc0OM&lc=UgyOELaQ0gRrViK6GHx4AaABAg","https://www.youtube.com/watch?v=wkejhdQc0OM","#weddinganchor #indianweddings #sangeet EMCEE AKSHAY TAKALKAR HOSTING AT #RAJVEER SANGEET PROGRAM.","Public YouTube comments; verified in browser","Retained in the full list; not selected as a hosting testimonial."
"YouTube","@vinaykkambale1813","Kya baat :)","Other public comment","No","6 years ago","https://www.youtube.com/watch?v=2g1AQDDk6YA&lc=UgwdStC0kENnqsbU-fZ4AaABAg","","2026-10-09T15:01:39.365Z","UgwdStC0kENnqsbU-fZ4AaABAg","https://www.youtube.com/watch?v=2g1AQDDk6YA&lc=UgwdStC0kENnqsbU-fZ4AaABAg","https://www.youtube.com/watch?v=2g1AQDDk6YA","Emcee AKSHAY anchoring -SABHYATA♾KEVIN’s sangeet.","Public YouTube comments; verified in browser","Retained in the full list; not selected as a hosting testimonial."
"YouTube","@waheedmiyawaheedmiya4538","Wow","Other public comment","No","5 years ago","https://www.youtube.com/watch?v=rJuBjMgbXWA&lc=Ugzs6hY4ibI_qawIEuV4AaABAg","","2026-10-09T15:01:39.365Z","Ugzs6hY4ibI_qawIEuV4AaABAg","https://www.youtube.com/watch?v=rJuBjMgbXWA&lc=Ugzs6hY4ibI_qawIEuV4AaABAg","https://www.youtube.com/watch?v=rJuBjMgbXWA","INDIAN WEDDING SANGEET NIGHT ANCHORING BY EMCEE AKSHAY TAKALKAR. EMCEE ART.","Public YouTube comments; verified in browser","Retained in the full list; not selected as a hosting testimonial."
"YouTube","@waheedmiyawaheedmiya4538","Lovely sir","Other public comment","No","5 years ago","https://www.youtube.com/watch?v=wkejhdQc0OM&lc=UgxnvsuqslYUGnxUjPJ4AaABAg","","2026-10-09T15:01:39.365Z","UgxnvsuqslYUGnxUjPJ4AaABAg","https://www.youtube.com/watch?v=wkejhdQc0OM&lc=UgxnvsuqslYUGnxUjPJ4AaABAg","https://www.youtube.com/watch?v=wkejhdQc0OM","#weddinganchor #indianweddings #sangeet EMCEE AKSHAY TAKALKAR HOSTING AT #RAJVEER SANGEET PROGRAM.","Public YouTube comments; verified in browser","Retained in the full list; not selected as a hosting testimonial."
